"1st St Eye Centre","780-422-2681","195-10150 Jasper Avenue Nw , Edmonton , AB T5J 1W4","www.7804222681.yp.ca",,optometrist
"20/20 Vision Care","403-526-2020","431 3 Street Se , Medicine Hat , AB T1A 0G8","www.2020visioncare.com","info@2020visioncare.com",optometrist
"20/20 Vision Care","403-526-0078","","www.4035260078.yp.ca",,optometrist
"Abraham John Dr","780-352-3730","3725 56 St , Wetaskiwin , AB T9A 2V6","www.7803523730.yp.ca",,optometrist
"Abraham John Dr","403-309-5008","34 27264 Twp Rd 392 , Red Deer , AB ","www.4033095008.yp.ca",,optometrist
"Abraham John Dr","403-309-5008","Red Deer , AB ","www.4033095008.yp.ca",,optometrist
"Ab Sports Vision Institute","780-481-2317","1001-8882 170 Street Nw , Edmonton , AB T5T 3J7","www.7804812317.yp.ca",,optometrist
"Adams Alanna Dr","780-474-8366","11208 104 Avenue Nw , Edmonton , AB T5K 2X4","www.7804748366.yp.ca",,optometrist
"Adams Rod Dr","403-686-4990","108-555 Strathcona Boulevard Sw , Calgary , AB T3H 2Z9","www.4036864990.yp.ca",,optometrist
"Advanced EyeCare","780-468-2020","173-4211 106 Street Nw , Edmonton , AB T6J 6P3","www.7804682020.yp.ca",,optometrist
"Advanced EyeCare/A Division of FYI Eye Doctors","780-468-2020","173-4211 106 Street Nw , Edmonton , AB T6J 6P3","www.7804682020.yp.ca",,optometrist
"Advanced Eyecare Centre","403-233-0405","135-111 5 Avenue SW , Calgary , AB T2P 3Y6","www.advancedeyecarecentre.com",,optometrist
"Ahmed Riaz Dr","403-440-1234","180-2206 2 Street SW , Calgary , AB T2S 3C5","www.4034401234.yp.ca",,optometrist
"Airdrie Eyecare Centre","403-912-0999","120 2 Avenue Ne , Airdrie , AB T4B 2N2","www.4039120999.yp.ca",,optometrist
"Airdrie Eyecare Centre","403-948-3322","120 2 Avenue Ne , Airdrie , AB T4B 2N2","www.airdrie-eyecare.com","comments@airdrie-eyecare.com",optometrist
"Airdrie Specs Optometry","403-912-7557","1-804 Main Street Se , Airdrie , AB T4B 3M1","www.4039127557.yp.ca",,optometrist
"Airdrie Specs Optometry","403-912-7575","","www.4039127575.yp.ca",,optometrist
"Al-Bekai Monzer Dr","780-672-2116","4865 51 Street , Camrose , AB T4V 1S2","www.7806722116.yp.ca",,optometrist
"Alberta Association Of Optometrists","780-452-9918","","www.7804529918.yp.ca",,optometrist
"Alberta Association Of Optometrists","780-451-6824","8407 Argyll Road Nw , Edmonton , AB T6C 4B2","www.7804516824.yp.ca",,optometrist
"Alberta College Of Optometrists","1-800-668-2694","102-8407 Argyll Road Nw , Edmonton , AB T6C 4B2","www.8006682694.yp.ca",,optometrist
"Alberta College Of Optometrists","780-466-5999","102-8407 Argyll Road Nw , Edmonton , AB T6C 4B2","www.collegeofoptometrists.ab.ca",,optometrist
"Alberta Eye Health Clinic","780-428-0111","10908 107 Avenue Nw , Edmonton , AB T5H 0X5","www.7804280111.yp.ca",,optometrist
"Alberta Eye Health Clinic","780-428-0117","","www.7804280117.yp.ca",,optometrist
"Alberta Sports Vision Institute","780-417-3003","398-222 Baseline Road , Sherwood Park , AB T8H 1S8","www.7804173003.yp.ca",,optometrist
"Alberta Sports Vision Institute","780-632-4448","102 4914 50 Ave , Vegreville , AB T9C 1M3","www.7806324448.yp.ca",,optometrist
"Alberta Sports Vision Institute","780-458-7767","210-12 St Joseph Street , St Albert , AB T8N 7L9","www.7804587767.yp.ca",,optometrist
"Alberta Sports Vision Institute","780-632-4477","","www.7806324477.yp.ca",,optometrist
"Alberta Sports Vision Institute","780-428-7645","10665 Jasper Avenue Nw , Edmonton , AB T5J 3S9","www.7804287645.yp.ca",,optometrist
"Alexander Dr J & Associates","780-808-8337","Lloyd Mall , Lloydminster , AB T9V 0A7","www.7808088337.yp.ca",,optometrist
"Family Vision Care (FVC)","780-459-8910","231 St Albert Centre , St Albert , AB ","www.7804598910.yp.ca",,optometrist
"Family Vision Care (FVC)","780-998-4334","9913 103 Street , Fort Saskatchewan , AB T8L 2C8","www.7809984334.yp.ca",,optometrist
"Family Vision Care (FVC)","780-474-8366","11208 104 Avenue Nw , Edmonton , AB T5K 2X4","www.7804748366.yp.ca",,optometrist
"Family Vision Care (FVC)","780-444-1933","2173 West Edmonton Mall , Edmonton , AB T5J 0H8","www.7804441933.yp.ca",,optometrist
"Family Vision Center","780-672-3158","Camrose , AB ","www.7806723158.yp.ca",,optometrist
"Family Vision Clinic Of Optometry","403-329-6333","409 5 Street South , Lethbridge , AB T1J 2B6","www.4033296333.yp.ca",,optometrist
"Fekete L Dr","780-487-5955","","www.7804875955.yp.ca",,optometrist
"Fekete L Dr","780-487-5986","2121 West Edmonton Mall , Edmonton , AB T5T 3J7","www.7804875986.yp.ca",,optometrist
"Ferguson Len Dr","403-328-0088","517 4 Avenue South , Lethbridge , AB T1J 0N4","www.4033280088.yp.ca",,optometrist
"Ferguson Shane Dr","403-327-5035","240-200 4 Avenue South , Lethbridge , AB T1J 4C9","www.4033275035.yp.ca",,optometrist
"Focus West Optometry & Eyewear","403-217-3322","268 Stewart Green Sw , Calgary , AB T3H 3C8","www.4032173322.yp.ca",,optometrist
"Forrest Dr Amy","403-223-0883","5217 50 Avenue , Taber , AB T1G 1P5","www.4032230883.yp.ca",,optometrist
"For Sight Vision Centre","403-335-2020","2020 17 Ave , Didsbury , AB T0M 0W0","www.4033352020.yp.ca",,optometrist
"For Your Eyes Only","780-464-6458","102B-937 Fir Street , Sherwood Park , AB T8A 4N6","www.7804646458.yp.ca",,optometrist
"French Robert C Dr A Division Of Fyi Eye Doctors","403-345-2600","1712 20 Ave , Coaldale , AB T1M 1K6","www.4033452600.yp.ca",,optometrist
"Froese-Loewen Kirsten Dr","403-686-4990","108-555 Strathcona Boulevard SW , Calgary , AB T3H 2Z9","www.4036864990.yp.ca",,optometrist
"Fusion Eyewear Inc","403-735-6288","315-3508 32 Avenue Ne , Calgary , AB T1Y 6J2","www.4037356288.yp.ca",,optometrist
"FYI Eye Doctors","","","www.fyidoctors.com",,optometrist
"Fyi Eye Doctors Inc","780-532-2969","12111 99 Street , Grande Prairie , AB T8V 6X9","www.7805322969.yp.ca",,optometrist
"Garfunkel Mark J Dr","780-444-6407","438-6650 177 Street Nw , Edmonton , AB T5T 4J5","www.7804446407.yp.ca",,optometrist
"Garlock Glenn Dr","403-601-2713","127 4 Ave SW , High River , AB T1V 1P7","www.4036012713.yp.ca",,optometrist
"Garlock Glenn Dr","403-646-3200","2219 20 St , Nanton , AB T0L 1R0","www.4036463200.yp.ca",,optometrist
"Garner Kiera Dr","403-266-6911","119-751 3 Street Sw , Calgary , AB T2P 4K8","www.4032666911.yp.ca",,optometrist
"Gartner Kevin B Dr","780-963-5416","5114 50 Street , Stony Plain , AB T7Z 1T4","www.7809635416.yp.ca",,optometrist
"Gartner Kevin B Dr","1-877-350-8811","5114 50 Street , Stony Plain , AB T7Z 1T4","www.8773508811.yp.ca",,optometrist
"Gaume Derek Dr","403-217-3322","268 Stewart Green Sw , Calgary , AB T3H 3C8","www.4032173322.yp.ca",,optometrist
"Gellatly Ken Dr","403-262-5012","205-300 5 Avenue Sw , Calgary , AB T2P 3C4","www.4032625012.yp.ca",,optometrist
"Gies Larry Dr","780-488-0944","12318 Jasper Avenue Nw , Edmonton , AB T5N 3K5","www.7804880944.yp.ca",,optometrist
"Gies Larry Dr","780-486-2020","268 Mayfield Common Nw , Edmonton , AB T5P 4B3","www.7804862020.yp.ca",,optometrist
"Gilbertson Dr & Associates","780-451-9387","104-11910 111 Avenue Nw , Edmonton , AB T5G 3G6","www.edmontoneyecare.com",,optometrist
"Gleichen Medical Centre","403-734-3434","215 5B Ave E , Gleichen , AB T0J 1N0","www.4037343434.yp.ca",,optometrist
"Glenmore Landing Vision Center","403-255-2826","D168-1600 90 Avenue Sw , Calgary , AB T2V 5A8","www.4032552826.yp.ca",,optometrist
"Groeneweg S Dr","250-423-4467","","www.2504234467.yp.ca",,optometrist
"Groeneweg S Dr","403-562-7144","13119 20 Ave , Blairmore , AB T0K 0E0","www.4035627144.yp.ca",,optometrist
"Gulf Square Optometry","403-237-0505","210-401 9 Avenue Sw , Calgary , AB T2P 3C5","www.4032370505.yp.ca",,optometrist
"Hagemann Sonja Dr","403-247-1800","Calgary , AB ","www.4032471800.yp.ca",,optometrist
"Hanna Vision Centre","403-854-3003","Kral Prof Building , Hanna , AB ","www.4038543003.yp.ca",,optometrist
"Hanson Ronald Dr","403-590-6615","","www.4035906615.yp.ca",,optometrist
"Harapiak Alison Dr","403-286-3335","313-4411 16 Avenue NW , Calgary , AB T3B 0M3","www.4032863335.yp.ca",,optometrist
"Hauck Vision & Hearing Centre Ltd","403-346-5568","Parkland Mall , Red Deer , AB T4N 6H3","www.4033465568.yp.ca",,optometrist
"Hauck Vision & Hearing Centre Ltd","403-742-6545","","www.4037426545.yp.ca",,optometrist
"Hauck Vision & Hearing Centre Ltd","403-742-4504","5014 50 St , Stettler , AB T0C 2L0","www.4037424504.yp.ca",,optometrist
"Hay Timothy A Dr","403-233-0405","135-111 5 Avenue Sw , Calgary , AB T2P 3Y6","www.4032330405.yp.ca",,optometrist
"Hayward Karen Dr","780-459-8910","231 St Albert Centre , St Albert , AB ","www.7804598910.yp.ca",,optometrist
"Hazelaar H Dr","780-457-5150","148-15277 Castle Downs Road Nw , Edmonton , AB T5X 3N5","www.7804575150.yp.ca",,optometrist
"Health Plus Family Vision Care","403-256-0606","","www.4032560606.yp.ca",,optometrist
"Heimdahl Dennis A Dr","403-783-5575","5120 51 Ave , Ponoka , AB T4J 1R7","www.4037835575.yp.ca",,optometrist
"Heimdahl Dennis A Dr","403-782-6077","Lacombe Centre Mall , Lacombe , AB T4L 2A1","www.4037826077.yp.ca",,optometrist
"Heimdahl Dennis A Dr","403-854-3003","Kral Prof Building , Hanna , AB T0J 1P0","www.4038543003.yp.ca",,optometrist
"Hensel Gordon Dr","780-468-3390","100-9145 82 Avenue Nw , Edmonton , AB T6C 0Z4","www.7804683390.yp.ca",,optometrist
"Heritage Optometry Clinic","780-434-5333","2065 111 Street Nw , Edmonton , AB T6J 4V9","www.7804345333.yp.ca",,optometrist
"Hesla Aaron Dr","403-278-7622","120-100 Anderson Road SE , Calgary , AB T2J 3V1","www.4032787622.yp.ca",,optometrist
"Hesterman K Dr","403-342-0333","4402 49 Avenue , Red Deer , AB T4N 3W6","www.4033420333.yp.ca",,optometrist
"H & H Optical (Drumheller) Ltd","403-823-4999","PO Box 1508 , Drumheller , AB T0J 0Y0","www.4038234999.yp.ca",,optometrist
"High River Optometry Centre","403-652-7677","120 3 Ave Sw , High River , AB T1V 1M7","www.4036527677.yp.ca",,optometrist
"High River Optometry Centre","403-652-1572","","www.4036521572.yp.ca",,optometrist
"Hinton Optometry Clinic","780-865-3915","158 Athabasca Avenue , Hinton , AB T7V 2A5","www.7808653915.yp.ca",,optometrist
"H K Lema Dr","403-242-7848","","www.4032427848.yp.ca",,optometrist
"Hobbema Optical","780-585-3686","Indian Health Services Building , Hobbema , AB T0C 1N0","www.7805853686.yp.ca",,optometrist
"Ho C W Dr","403-233-2020","106-233 Centre Street Sw , Calgary , AB T2G 2B7","www.4032332020.yp.ca",,optometrist
"Ho C W Dr","780-425-3322","10638 97 Street Nw , Edmonton , AB T5H 2L6","www.7804253322.yp.ca",,optometrist
"Ho C W Dr","780-425-3300","","www.7804253300.yp.ca",,optometrist
"Ho C W Dr","403-275-3322","Beddington Co-Op Shpg Cntr , Calgary , AB T3K 1J7","www.4032753322.yp.ca",,optometrist
"Holtom Jason Dr","403-352-8846","510-3020 22 Street , Red Deer , AB T4R 3J5","www.4033528846.yp.ca",,optometrist
"Hook Shelly L Dr","780-462-7500","101-6203 28 Avenue Nw , Edmonton , AB T6L 6K3","www.7804627500.yp.ca",,optometrist
"Hope Joanne Dr","403-347-0044","Bower Place Shopping Centre , Red Deer , AB T4R 1N9","www.4033470044.yp.ca",,optometrist
"Hopper M Dr","780-743-2100","","www.7807432100.yp.ca",,optometrist
"Howes R Doug Dr","403-526-3020","202 5 Avenue Se , Medicine Hat , AB T1A 2P8","www.4035263020.yp.ca",,optometrist
"Howes R Doug Dr","1-800-265-4693","Medicine Hat , AB ","www.8002654693.yp.ca",,optometrist
"Hunter Douglas Dr","780-474-8366","11208 104 Avenue Nw , Edmonton , AB T5K 2X4","www.7804748366.yp.ca",,optometrist
"Huszar Rodney Dr","403-320-1144","240-200 4 Avenue South , Lethbridge , AB T1J 4C9","www.4033201144.yp.ca",,optometrist
"Innisfail Eye Care Centre","403-227-3366","Co-Op Mall Innisfail , Innisfail , AB ","www.4032273366.yp.ca",,optometrist
"Innisfail Eye Care Centre","403-227-3366","Henday Sq , Innisfail , AB T4G 1C2","www.airdrie-eyecare.com",,optometrist
"Invision Eyecare","","","www.invisioneyecare.ca","invisioneyecare@telus.net",optometrist
"Invision Eyecare","403-257-5213","","www.4032575213.yp.ca",,optometrist
"Invision Eyecare McKenzie Towne","403-257-5213","79 High Street SE , Calgary , AB T2Z 3T9","www.4032575213.yp.ca",,optometrist
"Iris","780-632-3474","4934 50 Ave , Vegreville , AB T9C 1M3","www.7806323474.yp.ca",,optometrist
"Iris","403-257-9475","4600 130 Ave SE , Calgary , AB T2Z 0C2","www.4032579475.yp.ca",,optometrist
"Iris","403-274-5962","14-11640 Sarcee Trail NW , Calgary , AB T3R 0A1","www.4032745962.yp.ca",,optometrist
"IRIS","780-872-5215","5004 18 Street , Lloydminster , AB T9V 1V4","www.7808725215.yp.ca",,optometrist
"Iris","403-851-4747","304-120 5 Avenue West , Cochrane , AB T4C 0A4","www.4038514747.yp.ca",,optometrist
"Iris","403-343-1600","Bower Place Shpg Cntr , Red Deer , AB T4R 1N9","www.4033431600.yp.ca",,optometrist
"Iris","1-800-663-3937","","www.8006633937.yp.ca",,optometrist
"IRIS","403-526-4849","Medicine Hat Mall , Medicine Hat , AB ","www.4035264849.yp.ca",,optometrist
"Iris","403-938-4176","151-31 Southridge Drive , Okotoks , AB T1S 2N3","www.4039384176.yp.ca",,optometrist
"Iris","780-432-4301","14241 23 Avenue Nw , Edmonton , AB T6R 3E7","www.7804324301.yp.ca",,optometrist
"Iris","403-685-4447","505-1851 Sirocco Drive SW , Calgary , AB T3H 4R5","www.4036854447.yp.ca",,optometrist
"Iris","1-800-663-3937","","www.8006633937.yp.ca",,optometrist
"Iris","780-468-1547","3908 Gateway Boulevard Nw , Edmonton , AB T6J 7A9","www.7804681547.yp.ca",,optometrist
"IRIS","403-253-0118","251-6455 Macleod Trail Sw , Calgary , AB T2H 0K3","www.4032530118.yp.ca",,optometrist
"Iris","403-262-1650","280-250 6 Avenue SW , Calgary , AB T2P 3H7","www.4032621650.yp.ca",,optometrist
"Iris","403-286-4114","3625 Shaganappi Trail NW , Calgary , AB T3A 0E2","www.4032864114.yp.ca",,optometrist
"Iris Optometrists and Opticians","403-685-4447","West Market Square , Calgary , AB T3H 4R5","www.4036854447.yp.ca",,optometrist
"Iris Optometrists and Opticians","403-257-9475","Southpointe , Calgary , AB T2Z 0C2","www.4032579475.yp.ca",,optometrist
"Iris Optometrists and Opticians","403-262-1650","Bow Valley Square , Calgary , AB T2P 3H7","www.4032621650.yp.ca",,optometrist
"Iris Optometrists and Opticians","403-286-4114","Market Mall , Calgary , AB T2H 0K3","www.4032864114.yp.ca",,optometrist
"Iris Optometrists And Opticians","780-481-4886","9780 170 Street NW , Edmonton , AB T5T 5L9","www.7804814886.yp.ca",,optometrist
"Iris Optometrists and Opticians","403-253-0118","Chinook Centre , Calgary , AB T2H 0K3","www.4032530118.yp.ca",,optometrist
"Iris Optometrists and Opticians","403-329-0550","Park Place Shopping Centre , Lethbridge , AB T1J 2J8","www.4033290550.yp.ca",,optometrist
"Iris Optometrists And Opticians","780-432-4301","14241 23 Avenue NW , Edmonton , AB T6R 3E7","www.7804324301.yp.ca",,optometrist
"Iris Optometrists And Opticians","780-468-1547","3908 Gateway Boulevard NW , Edmonton , AB T6J 7A9","www.7804681547.yp.ca",,optometrist
"Iris Optometrists and Opticians","403-851-4747","304-120 5 Avenue West , Cochrane , AB T4C 0A4","www.4038514747.yp.ca",,optometrist
"Iris Optometrists and Opticians","403-938-4176","151-31 Southridge Drive , Okotoks , AB T1S 2N3","www.4039384176.yp.ca",,optometrist
"Iris Optometrists And Opticians","780-872-5215","5004 18 Street , Lloydminster , AB T9V 1V4","www.7808725215.yp.ca",,optometrist
"Iris Optometrists and Opticians","403-274-5962","14-11640 Sarcee Trail Nw , Calgary , AB T3R 0A1","www.4032745962.yp.ca",,optometrist
"Iris Optometrists and Opticians","780-423-5100","11304 104 Avenue Nw , Edmonton , AB T5K 2W9","www.7804235100.yp.ca",,optometrist
"Iris Optometrists And Opticians","780-632-3474","4934 50 Ave , Vegreville , AB T9C 1M3","www.7806323474.yp.ca",,optometrist
"Iris Optometrists and Opticians","403-343-1600","Bower Place Shpg Cntr , Red Deer , AB T4R 1N9","www.4033431600.yp.ca",,optometrist
"Iris Optometrists and Opticians","403-556-8679","Suite 310-6900 46 St Olds , Cochrane , AB ","www.4035568679.yp.ca",,optometrist
"Iris Optometrists - Opticians","","","www.iris.ca",,optometrist
"Iris Optometrists & Opticians","780-672-1325","6708 48 Avenue , Camrose , AB T4V 4S3","www.7806721325.yp.ca",,optometrist
"Iris The Visual Group","403-327-2959","7E-501 1 Avenue South , Lethbridge , AB T1J 4L9","www.4033272959.yp.ca",,optometrist
"Iris The Visual Group","403-938-4176","149-31 Southridge Drive , Okotoks , AB T1S 2N3","www.4039384176.yp.ca",,optometrist
"Jackson Linda R Dr","403-274-5234","6530 4 Street NE , Calgary , AB T2K 6H2","www.4032745234.yp.ca",,optometrist
"Jaffray Lori Dr","403-912-0999","120 2 Avenue NE , Airdrie , AB T4B 2N2","www.4039120999.yp.ca",,optometrist
"Jang Edward K Dr","403-264-2639","110-840 7 Avenue SW , Calgary , AB T2P 3G2","www.4032642639.yp.ca",,optometrist
"Jang Edward K Dr","403-274-5234","6530 4 Street NE , Calgary , AB T2K 6H2","www.4032745234.yp.ca",,optometrist
"Jang Henry Dr","403-932-9200","3 123 4 Ave W , Cochrane , AB T4C 1B5","www.4039329200.yp.ca",,optometrist
"Janssen Tanya R Dr","403-278-7622","120-100 Anderson Road SE , Calgary , AB T2J 3V1","www.4032787622.yp.ca",,optometrist
"Jensen-To Monica Dr","403-226-7638","713-500 Country Hills Boulevard NE , Calgary , AB T3K 4Y7","www.4032267638.yp.ca",,optometrist
"Jobin Sophie Dr","780-419-7000","530 St Albert Road , St Albert , AB T8N 5Z1","www.7804197000.yp.ca",,optometrist
"Joe Susan Dr","780-464-4575","30 Sioux Road , Sherwood Park , AB T8A 4X1","www.7804644575.yp.ca",,optometrist
"Johnson Bruce P Dr","780-361-2020","4916 53 St , Wetaskiwin , AB T9A 3P1","www.7803612020.yp.ca",,optometrist
"Johnson Bruce P Dr","780-361-2020","5216A 50 Avenue , Wetaskiwin , AB T9A 0S8","www.wetaskiwineyecare.com",,optometrist
"Johnson Chris Dr","780-998-4334","9913 103 Street , Fort Saskatchewan , AB T8L 2C8","www.7809984334.yp.ca",,optometrist
"Johnson M F Dr","780-849-4410","401 3 Avenue Ne Ss 2 , Slave Lake , AB T0G 2A2","www.7808494410.yp.ca",,optometrist
"Johnson Morley Dr","780-624-4265","10017 101 St , Peace River , AB T8S 1S4","www.7806244265.yp.ca",,optometrist
"Johnson Morley Dr","780-849-4410","401 3 Avenue NE SS 2 , Slave Lake , AB T0G 2A2","www.7808494410.yp.ca",,optometrist
"Joljart M J","780-476-7631","2112 Londonderry Mall Nw , Edmonton , AB T5C 3C8","www.7804767631.yp.ca",,optometrist
"Jones Allan Dr","403-556-6068","Olds , AB ","www.4035566068.yp.ca",,optometrist
"Kamal Seema Dr","403-286-3880","319-4625 Varsity Drive Nw , Calgary , AB T3A 0Z9","www.4032863880.yp.ca",,optometrist
"Kanters Larry J Dr","403-227-3366","Co-Op Mall Innisfail , Innisfail , AB ","www.4032273366.yp.ca",,optometrist
"Kanters Larry J Dr","403-912-0999","120 2 Avenue NE , Airdrie , AB T4B 2N2","www.4039120999.yp.ca",,optometrist
"Karaim Scott Dr","780-455-2868","438- 1 Westmount Shopping Centre , Edmonton , AB T5M 3L7","www.7804552868.yp.ca",,optometrist
"Karaim Scott Dr","780-429-0029","310-1 Edmonton City Centre NW , Edmonton , AB T5J 0E7","www.7804290029.yp.ca",,optometrist
"Karaim Scott Dr","780-455-2868","Edmonton , AB ","www.7804552868.yp.ca",,optometrist
"Karaim Scott Dr","780-429-0029","","www.7804290029.yp.ca",,optometrist
"Keddie Shane Dr","780-468-2020","173-4211 106 Street Nw , Edmonton , AB T6J 6P3","www.7804682020.yp.ca",,optometrist
"Kelly Brian Dr","780-992-0986","156-10404 99 Avenue , Fort Saskatchewan , AB T8L 3W2","www.7809920986.yp.ca",,optometrist
"Kennedy Alex Dr","780-437-2520","701 Southgate Shopping Centre Nw , Edmonton , AB T6H 4M6","www.7804372520.yp.ca",,optometrist
"Kile Leanne Dr","780-423-2113","9678 142 Street Nw , Edmonton , AB T5N 4B2","www.7804232113.yp.ca",,optometrist
"Kim E Kim M & Larsen D & Associates Dr","780-471-4204","253 Kingsway Garden Mall Nw , Edmonton , AB T5G 3A6","www.7804714204.yp.ca",,optometrist
"Kim E Kim M & Larsen D & Associates Dr","780-481-1794","1410 West Edmonton Mall , Edmonton , AB T5T 4M2","www.7804811794.yp.ca",,optometrist
"Kindopp Tedra Dr","403-352-8846","510-3020 22 Street , Red Deer , AB T4R 3J5","www.4033528846.yp.ca",,optometrist
"King Gregory Dr","780-465-7600","256 Bonnie Doon Shopping Centre Nw , Edmonton , AB T6C 4E3","www.7804657600.yp.ca",,optometrist
"King Gregory Dr","780-462-9472","","www.7804629472.yp.ca",,optometrist
"Klettke C R Klettke W M & Wilson S Drs","403-286-3880","319-4625 Varsity Drive Nw , Calgary , AB T3A 0Z9","www.4032863880.yp.ca",,optometrist
"Kloepfer Ryan Dr","780-437-2520","701 Southgate Shopping Centre Nw , Edmonton , AB T6H 4M6","www.7804372520.yp.ca",,optometrist
"Kolozetti Helen Dr","403-278-7622","120-100 Anderson Road SE , Calgary , AB T2J 3V1","www.4032787622.yp.ca",,optometrist
"Koppe K H S Dr","780-439-2020","10724 82 Avenue Nw , Edmonton , AB T6E 6P4","www.7804392020.yp.ca",,optometrist
"Koppe K H S Dr","780-459-2020","60-19 Bellerose Drive , St Albert , AB T8N 5E1","www.7804592020.yp.ca",,optometrist
"Kostelecky M Dr","403-823-2260","","www.4038232260.yp.ca",,optometrist
"Krein Steven Dr","780-987-3050","31 Athabasca Avenue , Devon , AB T9G 1G5","www.7809873050.yp.ca",,optometrist
"Krein Steven W Dr","780-987-3050","31 Athabasca Avenue , Devon , AB T9G 1G5","www.7809873050.yp.ca",,optometrist
"Krein Steven W Dr","780-429-0029","310-1 Edmonton City Centre NW , Edmonton , AB T5J 0E7","www.7804290029.yp.ca",,optometrist
"Krein Steven W Dr","780-429-0029","","www.7804290029.yp.ca",,optometrist
"Krochmal Peter Dr","780-468-2020","173-4211 106 Street Nw , Edmonton , AB T6J 6P3","www.7804682020.yp.ca",,optometrist
"Krochma Peter Dr","780-467-3341","25-993 Fir Street , Sherwood Park , AB T8A 4N5","www.7804673341.yp.ca",,optometrist
"Kruschel Cindy Dr","403-938-2191","27 McRae St , Okotoks , AB ","www.4039382191.yp.ca",,optometrist
"Kullar Raj Dr","780-433-4888","2065 111 Street Nw , Edmonton , AB T6J 4V9","www.7804334888.yp.ca",,optometrist
"Kuntz Harvey Dr","403-286-4142","132 Market Mall Prof Centre , Calgary , AB T3A 2N1","www.4032864142.yp.ca",,optometrist
"Kurji Sadrudin Dr","403-248-2226","190-1440 52 Street Ne , Calgary , AB T2A 4T8","www.4032482226.yp.ca",,optometrist
"Kurji S N Dr","403-734-3434","215 5B Ave E , Gleichen , AB T0J 1N0","www.4037343434.yp.ca",,optometrist
"Laansoo A Peter Dr","780-437-2520","701 Southgate Shopping Centre Nw , Edmonton , AB T6H 4M6","www.7804372520.yp.ca",,optometrist
"Lacombe Vision Centre","403-782-6077","Lacombe Centre Mall , Lacombe , AB T4L 2A1","www.4037826077.yp.ca",,optometrist
"Lakeland Family Eyecare","780-645-3790","4916 51 Ave , St Paul , AB T0A 3A2","www.lakelandeyecare.com","drtrev@lakelandeyecare.com",optometrist
"Lakeside Vision Care Inc","780-457-6677","15393 Castle Downs Road Nw , Edmonton , AB T5X 6C3","www.7804576677.yp.ca",,optometrist
"Lambden Tanya L Dr","403-938-4300","115-201 Southridge Drive , Okotoks , AB T1S 2E1","www.4039384300.yp.ca",,optometrist
"Lamont Vision Centre","780-895-2770","5216 53 St , Lamont , AB T0B 2R0","www.7808952770.yp.ca",,optometrist
"Lampard Tom Dr","403-342-0333","4402 49 Avenue , Red Deer , AB T4N 3W6","www.4033420333.yp.ca",,optometrist
"Landmark Optometric Services","780-463-1213","102-2731 Hewes Way Nw , Edmonton , AB T6L 6W6","www.7804631213.yp.ca",,optometrist
"Larsen Dennis F Dr Kim Michael P Dr Kim Emma Dr & Associates","780-471-4204","253 Kingsway Garden Mall Nw , Edmonton , AB T5G 3A6","www.7804714204.yp.ca",,optometrist
"Larsen J S & Associates Dr","780-444-3203","2948 8770 170 St , Edmonton , AB T5T 3J7","www.7804443203.yp.ca",,optometrist
"LASIK MD","1-866-366-2020","","www.lasikmd.com",,optometrist
"LASIK MD","1-866-366-2020","","www.lasikmd.com",,optometrist
"Lebenhagen J W Dr","403-685-5500","7-2008 33 Avenue Sw , Calgary , AB T2T 1Z4","www.4036855500.yp.ca",,optometrist
"LeDrew Donald R Dr","780-542-4824","5120 50 St , Drayton Valley , AB ","www.7805424824.yp.ca",,optometrist
"Ledrew Donald R Dr","780-352-4312","5004 51 Street , Wetaskiwin , AB T9A 1L3","www.7803524312.yp.ca",,optometrist
"LeDrew Donald R Dr","780-986-8441","58-5203 50 Street , Leduc , AB T9E 6Z5","www.7809868441.yp.ca",,optometrist
"Leduc Eye Centre","780-986-2020","4701 48 Street , Leduc , AB T9E 8E9","www.7809862020.yp.ca",,optometrist
"Lee Joyce K Dr","403-283-2622","1116 Kensington Road Nw , Calgary , AB T2N 3P1","www.4032832622.yp.ca",,optometrist
"Lee Joyce K Dr","403-247-1800","Dalhousie Station , Calgary , AB ","www.4032471800.yp.ca",,optometrist
"Lee-Ying Julie Dr","403-217-3322","268 Stewart Green Sw , Calgary , AB T3H 3C8","www.4032173322.yp.ca",,optometrist
"Leinweber Gerry Dr","403-346-2020","102-5920 50 Avenue , Red Deer , AB T4N 4C3","www.4033462020.yp.ca",,optometrist
"Leinweber Gerry Dr","1-800-892-9518","","www.8008929518.yp.ca",,optometrist
"Lema Hazel K Dr","403-291-5511","520-3545 32 Avenue Ne , Calgary , AB T1Y 6M6","www.4032915511.yp.ca",,optometrist
"Lens Save Express Optical","403-254-5325","7107-150 Millrise Boulevard Sw , Calgary , AB T2Y 5G7","www.lenssaveexpress.ca",,optometrist
"Lens Save Express Optical","403-254-4855","","www.4032544855.yp.ca",,optometrist
"Leung Warren Dr","403-275-3322","Beddington Co-Op Shpg Cntr , Calgary , AB T3K 1J7","www.4032753322.yp.ca",,optometrist
"Leung Warren Dr","403-247-1800","Calgary , AB ","www.4032471800.yp.ca",,optometrist
"Liang Yan L","780-425-3322","10638 97 Street Nw , Edmonton , AB T5H 2L6","www.7804253322.yp.ca",,optometrist
"Lifetime Eyecare","780-462-7500","101-6203 28 Avenue Nw , Edmonton , AB T6L 6K3","www.7804627500.yp.ca",,optometrist
"Lifetime Vision Care","403-239-0888","202-5149 Country Hills Boulevard NW , Calgary , AB T3A 5K8","www.4032390888.yp.ca",,optometrist
"Lifetime Vision Care","403-547-0868","3003-11300 Tuscany Boulevard NW , Calgary , AB T3L 2V7","www.4035470868.yp.ca",,optometrist
"Lifetime Vision Care/A Division Of Fyi Eye Doctors","403-547-0868","3003-11300 Tuscany Boulevard NW , Calgary , AB T3L 2V7","www.4035470868.yp.ca",,optometrist
"Lifetime Vision Care/A Division Of Fyi Eye Doctors","403-239-0888","202-5149 Country Hills Boulevard NW , Calgary , AB T3A 5K8","www.4032390888.yp.ca",,optometrist
"Lindberg-Krein Shelley Dr","780-429-0029","310-1 Edmonton City Centre Nw , Edmonton , AB T5J 0E7","www.7804290029.yp.ca",,optometrist
"Lindberg-Krein Shelley Dr","780-429-0029","","www.7804290029.yp.ca",,optometrist
"Lindberg-Krein Shelley Dr","780-987-3050","31 Athabasca Avenue , Devon , AB T9G 1G5","www.7809873050.yp.ca",,optometrist
"Lindberg R C Dr","780-672-3158","5030 50 Street , Camrose , AB T4V 1R2","www.7806723158.yp.ca",,optometrist
"Liskowich S T Dr","403-253-0234","601 Chinook Professional Bldg , Calgary , AB T2H 0K9","www.4032530234.yp.ca",,optometrist
"Londonderry Eye Care","780-476-7631","2112 Londonderry Mall Nw , Edmonton , AB T5C 3C8","www.leyecare.com",,optometrist
"Long Jared Dr","403-912-0999","120 2 Avenue NE , Airdrie , AB T4B 2N2","www.4039120999.yp.ca",,optometrist
"Lonsdale Dwayne Dr","403-284-2020","252 North Hill Shopping Centre , Calgary , AB T2N 1M7","www.4032842020.yp.ca",,optometrist
"Lopetinsky Scott Dr","780-895-2770","5216 53 St , Lamont , AB T0B 2R0","www.7808952770.yp.ca",,optometrist
"Louie Larry Dr","780-488-1999","10634 124 Street Nw , Edmonton , AB T5N 1S3","www.7804881999.yp.ca",,optometrist
"Lowe Daniel Dr","403-253-0234","601 Chinook Professional Bldg , Calgary , AB T2H 0K9","www.4032530234.yp.ca",,optometrist
"Lukey Lori Dr","403-263-9090","100-727 7 Avenue Sw , Calgary , AB T2P 0Z5","www.4032639090.yp.ca",,optometrist
"Lund Jep Dr","403-342-0333","4402 49 Avenue , Red Deer , AB T4N 3W6","www.4033420333.yp.ca",,optometrist
"Mackenzie Allan H Dr","403-527-1444","2-3151 Dunmore Road Se , Medicine Hat , AB T1B 2H2","www.4035271444.yp.ca",,optometrist
"Mah Brian Dr","780-488-0944","12318 Jasper Avenue Nw , Edmonton , AB T5N 3K5","www.7804880944.yp.ca",,optometrist
"Mah Brian Dr","780-986-2020","4701 48 Street , Leduc , AB T9E 8E9","www.7809862020.yp.ca",,optometrist
"Mah Holly Dr","780-479-5999","Kingsway Garden Mall Nw , Edmonton , AB T5G 0Y3","www.7804795999.yp.ca",,optometrist
"Mah Holly Dr","780-425-3300","","www.7804253300.yp.ca",,optometrist
"Mah Holly Dr","780-425-3322","10638 97 Street Nw , Edmonton , AB T5H 2L6","www.7804253322.yp.ca",,optometrist
"Maillot Delong Tamara Dr","403-242-7848","230-5255 Richmond Road Sw , Calgary , AB T3E 7C4","www.4032427848.yp.ca",,optometrist
"Main Street Eye Centre","780-853-6501","5010 50 Street , Vermilion , AB T9X 1M5","www.7808536501.yp.ca",,optometrist
"Mann F Bruce Dr","780-929-2020","5003A 50 Avenue , Beaumont , AB T4X 1E7","www.7809292020.yp.ca",,optometrist
"Mann G T","780-476-7631","2112 Londonderry Mall Nw , Edmonton , AB T5C 3C8","www.7804767631.yp.ca",,optometrist
"Mann J P Dr","403-562-7144","13119 20 Ave Blairmore , Crowsnest Pass , AB T0K 0M0","www.4035627144.yp.ca",,optometrist
"Mann J P Dr","250-423-4467","","www.2504234467.yp.ca",,optometrist
"Mann J P Dr","403-562-7174","Blairmore , AB T0K 0E0","www.4035627174.yp.ca",,optometrist
"Market Mall Eye Care & Urban Optique","403-286-4142","132 Market Mall Prof Centre , Calgary , AB T3A 2N1","www.marketmalleyecare.ca",,optometrist
"Market Mall Eye Care & Urban Optique","403-286-4142","132 Market Mall Prof Centre , Calgary , AB T3A 2N1","www.marketmalleyecare.ca",,optometrist
"Market Mall Vision Centre","403-286-0888","5-600 Crowfoot Crescent Nw , Calgary , AB T3G 0B4","www.4032860888.yp.ca",,optometrist
"Marlborough Eye Clinic","403-207-8500","Marlborough Mall , Calgary , AB T2K 2K2","www.4032078500.yp.ca",,optometrist
"Marlborough Mall Optometry Centre","403-272-9836","270-433 Marlborough Way Ne , Calgary , AB T2A 5H5","www.4032729836.yp.ca",,optometrist
"Marsh Geoff Dr","780-998-4334","9913 103 Street , Fort Saskatchewan , AB T8L 2C8","www.7809984334.yp.ca",,optometrist
"Marsh Geoff Dr","780-672-2116","4865 51 Street , Camrose , AB T4V 1S2","www.7806722116.yp.ca",,optometrist
"Martin Don B Dr","780-361-2020","4916 53 St , Wetaskiwin , AB T9A 3P1","www.7803612020.yp.ca",,optometrist
"Martin Leanne Dr","403-912-0999","120 2 Avenue NE , Airdrie , AB T4B 2N2","www.4039120999.yp.ca",,optometrist
"Mayfield Eye Centre","780-486-2020","268 Mayfield Common Nw , Edmonton , AB T5P 4B3","www.7804862020.yp.ca",,optometrist
"Mazur Camellia Dr","403-216-1221","North Hill Shopping Centre , Calgary , AB T2N 1M7","www.4032161221.yp.ca",,optometrist
"Mazur Camellia Dr","403-504-2436","108-3292 Dunmore Road Se , Medicine Hat , AB T1B 2R4","www.4035042436.yp.ca",,optometrist
"Mazur Stephen Dr","403-301-3356","Calgary , AB ","www.4033013356.yp.ca",,optometrist
"Mazur Stephen Dr","403-301-3356","Calgary , AB ","www.4033013356.yp.ca",,optometrist
"McCarron Carolle Dr","403-347-5223","102-2004 50 Avenue , Red Deer , AB T4R 3A2","www.4033475223.yp.ca",,optometrist
"McClung Michael Dr","403-526-2020","431 3 Street Se , Medicine Hat , AB T1A 0G8","www.4035262020.yp.ca",,optometrist
"McCormack R E Dr & Associates","780-444-0258","6855 170 Street Nw , Edmonton , AB T5T 4W5","www.7804440258.yp.ca",,optometrist
"McCormack R E Dr & Associates","780-481-8530","Edmonton , AB ","www.7804818530.yp.ca",,optometrist
"McDonald D B Dr","306-825-2710","2-2801 50 Avenue , Lloydminster , SK S9V 2A8","www.3068252710.yp.ca",,optometrist
"Mcdonald D B Dr Optometrist","306-825-2710","5303 50 Avenue , Lloydminster , SK S9V 0P9","www.3068252710.yp.ca",,optometrist
"McDonald G Lloyd Dr","403-278-7622","120-100 Anderson Road SE , Calgary , AB T2J 3V1","www.4032787622.yp.ca",,optometrist
"McGuigan Peter J Dr","403-652-2424","103 3 Avenue SW , High River , AB T1V 1R3","www.4036522424.yp.ca",,optometrist
"McIvor Nevin Dr","403-288-3001","","www.4032883001.yp.ca",,optometrist
"McKenzie R Dr","780-474-6377","646 Kingsway Garden Mall Nw , Edmonton , AB T5G 3E6","www.7804746377.yp.ca",,optometrist
"Mckenzie Ross Dr","780-467-3341","25-993 Fir Street , Sherwood Park , AB T8A 4N5","www.7804673341.yp.ca",,optometrist
"McQueen J Dr","780-988-3937","3352 Gateway Boulevard Nw , Edmonton , AB T6J 6V1","www.7809883937.yp.ca",,optometrist
"Meckelborg Craig Dr","403-257-5213","Calgary , AB ","www.4032575213.yp.ca",,optometrist
"Meckelborg Don Dr","403-257-5213","Calgary , AB T2Z 3T9","www.4032575213.yp.ca",,optometrist
"Med Vision","780-963-0582","Suite 34- 53424 Range Rd 13 RR 3 Stn Main , Stony Plain , AB T7Z 1X3","www.7809630582.yp.ca",,optometrist
"Mehta P Sunil","780-432-2210","100 11100 51 Ave , Edmonton , AB T6H 4M6","www.7804322210.yp.ca",,optometrist
"Mercury Optical Ltd","403-245-1523","","www.4032451523.yp.ca",,optometrist
"Mercury Optical Ltd","403-245-4659","1400 12 Avenue Sw , Calgary , AB T3C 0P7","www.4032454659.yp.ca",,optometrist
"Meyer Denis Dr","780-437-9001","364 Southgate Shopping Centre Nw , Edmonton , AB T6H 4M6","www.7804379001.yp.ca",,optometrist
"Mezei Gerald R Dr","403-329-6333","409 5 Street South , Lethbridge , AB T1J 2B6","www.4033296333.yp.ca",,optometrist
"Mezei Gerald R Dr","403-329-6333","Lethbridge ","www.4033296333.yp.ca",,optometrist
"Millcreek Optometry Centre","780-468-3390","100-9145 82 Avenue Nw , Edmonton , AB T6C 0Z4","www.7804683390.yp.ca",,optometrist
"Millwoods Vision Care","780-450-6700","604-2331 66 Street Nw , Edmonton , AB T6K 4B5","www.7804506700.yp.ca",,optometrist
"Milton & Associates","780-462-8209","6135 28 Avenue Nw , Edmonton , AB T6L 6N5","www.7804628209.yp.ca",,optometrist
"Milton W G Milton R R Drs & Associates","780-962-3320","Westland Market Mall , Spruce Grove , AB T7X 3C7","www.7809623320.yp.ca",,optometrist
"Mission Eye Care","403-440-1234","180-2206 2 Street Sw , Calgary , AB T2S 3C5","www.missioneyecare.ca","info@missioneyecare.ca",optometrist
"Mission Eye Care","403-440-1237","","www.4034401237.yp.ca",,optometrist
"Monea Diana Dr","403-283-6636","100-1228 Kensington Road Nw , Calgary , AB T2N 3P7","www.4032836636.yp.ca",,optometrist
"Monea Diana Dr","403-254-1141","14363 MacLeod Trail SW , Calgary , AB T2Y 1M7","www.4032541141.yp.ca",,optometrist
"Moneo Lee Dr","780-853-6501","5010 50 Street , Vermilion , AB T9X 1M5","www.7808536501.yp.ca",,optometrist
"Monterey Vision Centre","403-248-4260","905-2220 68 Street Ne , Calgary , AB T1Y 6Y7","www.4032484260.yp.ca",,optometrist
"Moon R A Dr","780-743-1163","201 Thickwood Boulevard , Fort McMurray , AB T9H 5A9","www.7807431163.yp.ca",,optometrist
"Moradian Ali Dr","403-912-7557","1-804 Main Street SE , Airdrie , AB T4B 3M1","www.4039127557.yp.ca",,optometrist
"Morinville Vision Care","780-939-4720","9803 100 Street , Morinville , AB T8R 1R3","www.7809394720.yp.ca",,optometrist
"Morley Angela Dr","780-459-8910","231 St Albert Centre , St Albert , AB ","www.7804598910.yp.ca",,optometrist
"Morrow Dorrie Dr","780-464-4575","30 Sioux Road , Sherwood Park , AB T8A 4X1","www.7804644575.yp.ca",,optometrist
"Mountain View Optometry","403-286-0888","5-600 Crowfoot Crescent Nw , Calgary , AB T3G 0B4","www.mvopt.ca",,optometrist
"Mountain View Optometry","403-286-0888","5-600 Crowfoot Crescent Nw , Calgary , AB T3G 0B4","www.mvopt.ca",,optometrist
"Mountain View Optometry","403-851-2020","404 1 St W , Cochrane , AB T4C 1X8","www.4038512020.yp.ca",,optometrist
"Mountain View Optometry","403-932-9973","404 1 St W , Cochrane , AB ","www.4039329973.yp.ca",,optometrist
"Mountain View Optometry","403-932-9019","","www.4039329019.yp.ca",,optometrist
"Mummery Brenda Dr","403-686-2022","","www.4036862022.yp.ca",,optometrist
"Murphy Patrick D Dr","403-256-0606","","www.4032560606.yp.ca",,optometrist
"Nakai Brian Dr","403-282-5222","232E-3630 Brentwood Road Nw , Calgary , AB T2L 1K8","www.4032825222.yp.ca",,optometrist
"Naruszewicz Michele Dr","403-286-0888","5-600 Crowfoot Crescent Nw , Calgary , AB T3G 0B4","www.4032860888.yp.ca",,optometrist
"Nelson R Troy Dr","403-742-2683","5 4710 50 St , Stettler , AB T0C 2L0","www.4037422683.yp.ca",,optometrist
"Neufeld Brent Dr","403-246-3445","3522 Garrison Gate SW , Calgary , AB T2T 6N1","www.4032463445.yp.ca",,optometrist
"Nevin McIvor Optometrist","403-288-3001","4B-3625 Shaganappi Trail NW , Calgary , AB T3A 0E2","www.4032883001.yp.ca",,optometrist
"Newman Laurie Dr","780-437-2520","701 Southgate Shopping Centre Nw , Edmonton , AB T6H 4M6","www.7804372520.yp.ca",,optometrist
"Ngo Kim Dr","780-998-4334","9913 103 Street , Fort Saskatchewan , AB T8L 2C8","www.7809984334.yp.ca",,optometrist
"Ngo Kim Dr","780-433-6759","8115 104 Street Nw , Edmonton , AB T6E 4E4","www.7804336759.yp.ca",,optometrist
"N H Quan Optomerist","403-347-6708","162 37400 Hwy 2 , Red Deer , AB ","www.4033476708.yp.ca",,optometrist
"Niblett Jonathan A Dr","780-352-4312","5004 51 Street , Wetaskiwin , AB T9A 1L3","www.7803524312.yp.ca",,optometrist
"Niblett Jonathan A Dr","780-542-4824","5120 50 St , Drayton Valley , AB ","www.7805424824.yp.ca",,optometrist
"Niblett Jonathan A Dr","780-986-8441","58-5203 50 Street , Leduc , AB T9E 6Z5","www.7809868441.yp.ca",,optometrist
"Nielsen V Chad Dr & Associates","403-254-6068","27-275 Shawville Boulevard Se , Calgary , AB T2Y 3H9","www.4032546068.yp.ca",,optometrist
"Nielson Jeff Dr","403-328-2020","2 Flr Lethbridge Centre Mall , Lethbridge , AB ","www.4033282020.yp.ca",,optometrist
"Nielson Richard Dr","403-255-2826","D168-1600 90 Avenue Sw , Calgary , AB T2V 5A8","www.4032552826.yp.ca",,optometrist
"Nolt Barry C Dr","780-423-2177","10405 Jasper Avenue Nw Mnflr , Edmonton , AB T5J 3N4","www.7804232177.yp.ca",,optometrist
"Nordstrom A Dr","780-444-0258","6855 170 Street Nw , Edmonton , AB T5T 4W5","www.7804440258.yp.ca",,optometrist
"Norris Justin Dr","403-237-0505","210-401 9 Avenue Sw , Calgary , AB T2P 3C5","www.4032370505.yp.ca",,optometrist
"Norris Sherri Dr","403-262-5012","205-300 5 Avenue Sw , Calgary , AB T2P 3C4","www.4032625012.yp.ca",,optometrist
"Northern Vision Centre","780-827-2777","Acorn Mall , Grande Cache , AB T0E 0Y0","www.7808272777.yp.ca",,optometrist
"Northern Vision Centre/A Division Of Fyi Eye Doctors","780-532-2634","12111 99 Street , Grande Prairie , AB T8V 6X9","www.7805322634.yp.ca",,optometrist
"Alexander Jason Dr","780-449-6260","Sherwood Park , AB ","www.7804496260.yp.ca",,optometrist
"Alliance Eye Centers","780-475-5333","Edmonton , AB ","www.7804755333.yp.ca",,optometrist
"Alliance Eye Centers","780-442-5333","Edmonton , AB ","www.7804425333.yp.ca",,optometrist
"Allred Trent Dr","403-346-2020","102-5920 50 Avenue , Red Deer , AB T4N 4C3","www.4033462020.yp.ca",,optometrist
"Allred Trent Dr","403-887-2020","5006 50 Avenue , Sylvan Lake , AB T4S 1S3","www.4038872020.yp.ca",,optometrist
"Allred Trent Dr","1-800-892-9518","","www.8008929518.yp.ca",,optometrist
"Anderson Barton J Dr","403-653-3072","72 2 Av W , Cardston , AB T0K 0K0","www.4036533072.yp.ca",,optometrist
"Anderson Barton J Dr","403-627-2930","761 Main St , Pincher Creek , AB T0K 1W0","www.4036272930.yp.ca",,optometrist
"Anderson Garth Dr","403-934-5034","321 Third Street , Strathmore , AB T1P 1M4","www.4039345034.yp.ca",,optometrist
"Anderson Garth Dr","403-278-7622","123-100 Anderson Road SE , Calgary , AB T2J 3V1","www.4032787622.yp.ca",,optometrist
"Antoniuk Dr D","780-988-3937","3352 Gateway Boulevard Nw , Edmonton , AB T6J 6V1","www.7809883937.yp.ca",,optometrist
"Armstrong R A Dr","403-242-6777","1620 37 Street Sw , Calgary , AB T3C 3P1","www.4032426777.yp.ca",,optometrist
"Ash Jennifer Dr","780-437-2020","10360 Jasper Avenue NW , Edmonton , AB T5J 1Y7","www.7804372020.yp.ca",,optometrist
"Ash Jennifer Dr","780-439-2020","10724 82 Avenue Nw , Edmonton , AB T6E 6P4","www.7804392020.yp.ca",,optometrist
"Ash Jennifer Dr","780-468-2020","173-4211 106 Street Nw , Edmonton , AB T6J 6P3","www.7804682020.yp.ca",,optometrist
"Ash Jennifer Dr","780-459-2020","60-19 Bellerose Drive , St Albert , AB T8N 5E1","www.7804592020.yp.ca",,optometrist
"Ask Shelena Dr","780-352-4312","5004 51 Street , Wetaskiwin , AB T9A 1L3","www.7803524312.yp.ca",,optometrist
"Ask Shelena Dr","780-986-8441","58-5203 50 Street , Leduc , AB T9E 6Z5","www.7809868441.yp.ca",,optometrist
"Asuchak Jim Dr","403-320-6414","3222 Fairway Street South , Lethbridge , AB T1K 8A3","www.opticalstudio.com","opticalstudio@telusplanet.net",optometrist
"Asuchak Jim Dr","403-320-6268","","www.4033206268.yp.ca",,optometrist
"Atwell A Dr","780-422-2681","195-10150 Jasper Avenue Nw , Edmonton , AB T5J 1W4","www.7804222681.yp.ca",,optometrist
"Atwell A Dr","780-467-2244","30-975 Broadmoor Boulevard , Sherwood Park , AB T8A 5W9","www.7804672244.yp.ca",,optometrist
"Atwell A Dr","780-473-3998","12765 50 Street Nw , Edmonton , AB T5A 4L8","www.7804733998.yp.ca",,optometrist
"Bain Frank Dr","780-986-2020","4701 48 Street , Leduc , AB T9E 8E9","www.7809862020.yp.ca",,optometrist
"Bain Frank Dr","780-986-2020","4701 48 Street , Leduc , AB T9E 8E9","www.7809862020.yp.ca",,optometrist
"Bain Frank Dr","780-488-0944","12318 Jasper Avenue Nw , Edmonton , AB T5N 3K5","www.7804880944.yp.ca",,optometrist
"Bakelaar Amy Dr","780-460-3888","255-140 St Albert Road , St Albert , AB T8N 7C8","www.7804603888.yp.ca",,optometrist
"Bakelaar Amy Dr","780-467-3341","25-993 Fir Street , Sherwood Park , AB T8A 4N5","www.7804673341.yp.ca",,optometrist
"Balen Grant Dr","780-674-2395","5203 51 St , Barrhead , AB T7N 1A4","www.7806742395.yp.ca",,optometrist
"Balen Grant Dr","780-674-2252","","www.7806742252.yp.ca",,optometrist
"North Hill Optometry","403-284-2020","252 North Hill Shopping Centre , Calgary , AB T2N 1M7","www.4032842020.yp.ca",,optometrist
"Nova Optical Labs Calgary Ltd","403-272-2007","11-801 30 Street NE , Calgary , AB T2A 5L7","www.4032722007.yp.ca",,optometrist
"Nova Optical Labs Calgary Ltd","403-272-2710","","www.4032722710.yp.ca",,optometrist
"Occhiali Eyewear","780-433-6759","8115 104 Street Nw , Edmonton , AB T6E 4E4","www.7804336759.yp.ca",,optometrist
"Okotoks Eyecare","403-938-4300","115-201 Southridge Drive , Okotoks , AB T1S 2E1","www.4039384300.yp.ca",,optometrist
"Olds Eye Care Clinic","403-556-6068","5202 50 Avenue , Olds , AB T4H 1G9","www.4035566068.yp.ca",,optometrist
"Oler Ralph Dr","403-562-8104","13131 20 Av , Blairmore , AB T0K 0E0","www.4035628104.yp.ca",,optometrist
"Oler R F Dr","403-327-2566","102-434 7 Street South , Lethbridge , AB T1J 2G7","www.4033272566.yp.ca",,optometrist
"Oler R F Dr","403-562-8104","13131 20 Av , Blairmore , AB T0K 0E0","www.4035628104.yp.ca",,optometrist
"Oliver A Lorraine Dr","780-361-2020","4916 53 St , Wetaskiwin , AB T9A 3P1","www.7803612020.yp.ca",,optometrist
"Oliver Randy Dr","403-380-4085","24A-501 1 Avenue South , Lethbridge , AB T1J 4L9","www.4033804085.yp.ca",,optometrist
"Optical Shop Ltd The","780-437-1110","10524 82 Avenue Nw , Edmonton , AB T6E 2A4","www.7804371110.yp.ca",,optometrist
"Optical Studio Ltd","403-320-6717","3222 Fairway Street South , Lethbridge , AB T1K 8A3","www.4033206717.yp.ca",,optometrist
"Optiks International","403-532-7173","Bay 88 4307 130 Ave SE , Calgary , AB T2Z 3V8","www.optiksinternational.ca",,optometrist
"Optometrists Clinic","780-986-2020","4701 48 Street , Leduc , AB T9E 8E9","www.7809862020.yp.ca",,optometrist
"OPTOMETRISTS CLINIC","780-986-2020","4701 48 Street , Leduc , AB T9E 8E9","www.7809862020.yp.ca",,optometrist
"OPTOMETRISTS CLINIC","780-488-0944","","www.7804880944.yp.ca",,optometrist
"Optometrists Clinic Inc","1-800-661-9976","","www.8006619976.yp.ca",,optometrist
"Optometrists Clinic Inc","780-641-3895","","www.7806413895.yp.ca",,optometrist
"Optometrists Clinic Inc","780-469-2020","1110 Capilano Mall , Edmonton , AB ","www.7804692020.yp.ca",,optometrist
"Optometrists Clinic Inc","780-486-2020","#268 Mayfield Common , Edmonton , AB ","www.7804862020.yp.ca",,optometrist
"Optometrists Clinic Inc","780-488-0944","","www.7804880944.yp.ca",,optometrist
"Optometrists Clinic Inc","780-488-0944","12318 Jasper Avenue Nw , Edmonton , AB T5N 3K5","www.7804880944.yp.ca",,optometrist
"Optometrists Clinic Inc","780-488-0944","12318 Jasper Avenue NW , Edmonton , AB T5N 3K5","www.7804880944.yp.ca",,optometrist
"Optometrists Clinic Inc","780-986-2020","4701 48 Street , Leduc , AB T9E 8E9","www.7809862020.yp.ca",,optometrist
"Optometrists Clinic Inc","780-426-5459","Edmonton , AB ","www.7804265459.yp.ca",,optometrist
"Optometrists Clinic Inc","780-430-7824","Edmonton , AB ","www.7804307824.yp.ca",,optometrist
"Optometrists Clinic Inc","780-986-2020","4701 48 Street , Leduc , AB T9E 8E9","www.7809862020.yp.ca",,optometrist
"Optometrists Clinic Inc","1-866-659-2020","15-10030 106 Street , Westlock , AB T7P 2K4","www.8666592020.yp.ca",,optometrist
"Optometrists Clinic Inc","780-486-2020","268 Mayfield Common NW , Edmonton , AB T5P 4B3","www.7804862020.yp.ca",,optometrist
"Optometrists Clinic Inc","780-469-2020","1110 Capilano Mall , Edmonton , AB T6A 0A1","www.7804692020.yp.ca",,optometrist
"Optometrists Clinic Inc","780-349-3702","15-10030 106 Street , Westlock , AB T7P 2K4","www.7803493702.yp.ca",,optometrist
"Optometrists Clinic Inc","780-488-0944","12318 Jasper Avenue NW , Edmonton , AB T5N 3K5","www.7804880944.yp.ca",,optometrist
"Optometrists Clinic Inc","780-986-2020","4701 48 Street , Leduc , AB T9E 8E9","www.7809862020.yp.ca",,optometrist
"Optometrists Clinic Inc","780-986-2020","4701 48 Street , Leduc , AB T9E 8E9","www.7809862020.yp.ca",,optometrist
"Optometrists Clinic Inc","780-467-3692","Sherwood Park , AB ","www.7804673692.yp.ca",,optometrist
"Optometrists Clinic Inc","780-430-8055","Edmonton , AB ","www.7804308055.yp.ca",,optometrist
"Optometrists Clinic Inc","780-483-3392","Edmonton , AB ","www.7804833392.yp.ca",,optometrist
"Osiowy Bernadette Dr","403-443-2040","1041 2 St N , Three Hills , AB T0M 2A0","www.4034432040.yp.ca",,optometrist
"Osiowy Bernadette M Dr","403-256-0606","","www.4032560606.yp.ca",,optometrist
"Oyen Optometry Clinic","403-664-3300","103 1 Ave W , Oyen , AB T0J 2J0","www.4036643300.yp.ca",,optometrist
"Oyen Optometry Clinic","1-866-664-3300","","www.8666643300.yp.ca",,optometrist
"Pack Jon G Dr","403-223-1234","5401 50 Avenue , Taber , AB T1G 1V2","www.4032231234.yp.ca",,optometrist
"Parker Ford & Mackay Specialty Opticians","780-423-5580","","www.7804235580.yp.ca",,optometrist
"Parker Ford & MacKay Specialty Opticians Ltd","780-474-8038","10240 Kingsway Nw , Edmonton , AB T5H 3V9","www.7804748038.yp.ca",,optometrist
"Parker Holly Dr","780-459-0159","3520 Tudor Glen , St Albert , AB T8N 3V3","www.7804590159.yp.ca",,optometrist
"Parkland Eye Care","780-962-1116","103-505 Queen Street , Spruce Grove , AB T7X 2V2","www.7809621116.yp.ca",,optometrist
"Parkland Mall","403-343-8997","4747 67 Street , Red Deer , AB T4N 6H3","www.parklandmall.ca","guestred@morguard.com",optometrist
"Park Place Optometry","403-380-4085","24A-501 1 Avenue South , Lethbridge , AB T1J 4L9","www.4033804085.yp.ca",,optometrist
"Patel Aaron Dr","780-428-0111","10908 107 Avenue Nw , Edmonton , AB T5H 0X5","www.7804280111.yp.ca",,optometrist
"Peace Lasik Centre","780-538-9997","201-10104 97 Avenue , Grande Prairie , AB T8V 7X6","www.7805389997.yp.ca",,optometrist
"Pearce Jason Dr","403-686-2022","5751 Signal Hill Centre SW , Calgary , AB T3H 3P8","www.4036862022.yp.ca",,optometrist
"Pearle Vision Doctor Optometry","780-466-0494","Suite 107-1 Bonnie Doon Shopping Centre Nw , Edmonton , AB T6C 4E3","www.7804660494.yp.ca",,optometrist
"Peepers The Optical","403-255-9571","","www.4032559571.yp.ca",,optometrist
"Penny Margaret Dr","403-286-4142","132 Market Mall Prof Centre , Calgary , AB T3A 2N1","www.4032864142.yp.ca",,optometrist
"Peterson Rod Dr","403-329-0200","106-2045 Mayor Magrath Drive South , Lethbridge , AB T1K 2S2","www.in-visioneyecare.com",,optometrist
"Pham Jimmy Dr","780-473-7772","13546 97 Street Nw , Edmonton , AB T5E 4E2","www.7804737772.yp.ca",,optometrist
"Pitcher Mark Dr","403-938-4300","115-201 Southridge Drive , Okotoks , AB T1S 2E1","www.4039384300.yp.ca",,optometrist
"Plusma Eyewear","403-452-7588","122-1111 6 Avenue Sw , Calgary , AB T2P 5M5","www.plusmaeyewear.com",,optometrist
"Polar Eyes Optometry","867-633-3377","","www.8676333377.yp.ca",,optometrist
"Power Angela Dr","403-782-6076","5013 50 Street , Lacombe , AB T4L 1X9","www.4037826076.yp.ca",,optometrist
"Poxon W S Dr","780-875-1700","5129 39 Street , Lloydminster , AB T9V 1Z9","www.7808751700.yp.ca",,optometrist
"Prairie Vision Centre","1-888-853-3937","","www.8888533937.yp.ca",,optometrist
"Prairie Vision Centre","780-842-6123","503- 10 St , Wainwright , AB T9W 1R5","www.7808426123.yp.ca",,optometrist
"Prairie Vision Centre","780-842-3443","","www.7808423443.yp.ca",,optometrist
"Prasad Asim Dr","403-938-4300","115-201 Southridge Drive , Okotoks , AB T1S 2E1","www.4039384300.yp.ca",,optometrist
"Prete B P Kent Dr","403-264-2639","110-840 7 Avenue SW , Calgary , AB T2P 3G2","www.4032642639.yp.ca",,optometrist
"Prince Wesley Dr","780-468-3390","100-9145 82 Avenue Nw , Edmonton , AB T6C 0Z4","www.7804683390.yp.ca",,optometrist
"Professional Eyecare Inc","780-428-8855","6-10502 107 Avenue Nw , Edmonton , AB T5H 0W2","www.7804288855.yp.ca",,optometrist
"Prymak Allan W Dr","403-286-1711","12-5720 Silver Springs Boulevard Nw , Calgary , AB T3B 4N7","www.4032861711.yp.ca",,optometrist
"Pucylo J S","780-476-7631","2112 Londonderry Mall Nw , Edmonton , AB T5C 3C8","www.7804767631.yp.ca",,optometrist
"Quan N Dr","780-449-4921","","www.7804494921.yp.ca",,optometrist
"Quilley Suzanne Dr","780-450-6700","604-2331 66 Street Nw , Edmonton , AB T6K 4B5","www.7804506700.yp.ca",,optometrist
"Red Deer Eye Care Centre","403-342-0333","4402 49 Avenue , Red Deer , AB T4N 3W6","www.4033420333.yp.ca",,optometrist
"Regent Optical Ctr","780-428-8348","10628 100 Street Nw , Edmonton , AB T5H 4L3","www.7804288348.yp.ca",,optometrist
"Reisner Russ Dr","403-286-4142","132 Market Mall Prof Centre , Calgary , AB T3A 2N1","www.4032864142.yp.ca",,optometrist
"Remus Darryl Dr","780-715-2020","7-101 Signal Road , Fort McMurray , AB T9H 4N6","www.7807152020.yp.ca",,optometrist
"Renchko Colleen Dr","403-257-5213","Calgary , AB ","www.4032575213.yp.ca",,optometrist
"Richard Nielson Dr","403-734-0024","","www.4037340024.yp.ca",,optometrist
"Riep R A","780-476-7631","2112 Londonderry Mall Nw , Edmonton , AB T5C 3C8","www.7804767631.yp.ca",,optometrist
"Rimbey Eye Care Centre","403-843-6000","5010 50 Ave , Rimbey , AB T0C 2J0","www.4038436000.yp.ca",,optometrist
"Rocky Eye Care Centre","403-845-2780","7 4735 45 St , Rocky Mountain House , AB ","www.4038452780.yp.ca",,optometrist
"Rocky Eye Care Centre","403-845-2780","Suite 7- 4735 45 St , Rocky Mountain House , AB T4T 1A5","www.4038452780.yp.ca",,optometrist
"Roed Peter Dr","780-460-3888","255-140 St Albert Road , St Albert , AB T8N 7C8","www.7804603888.yp.ca",,optometrist
"Roed Peter Dr","780-450-6700","604-2331 66 Street Nw , Edmonton , AB T6K 4B5","www.7804506700.yp.ca",,optometrist
"Rooney Shawn Dr","780-488-0944","12318 Jasper Avenue Nw , Edmonton , AB T5N 3K5","www.7804880944.yp.ca",,optometrist
"Rooney Shawn Dr","780-486-2020","268 Mayfield Common NW , Edmonton , AB T5P 4B3","www.7804862020.yp.ca",,optometrist
"Royal Oak Optical Inc","403-218-2020","192-8888 Country Hills Boulevard Nw , Calgary , AB T3G 5T4","www.royaloakclinic.com",,optometrist
"Royal Oak Optical Inc","403-375-0271","","www.4033750271.yp.ca",,optometrist
"Rudyk Roger Dr","403-342-0333","4402 49 Avenue , Red Deer , AB T4N 3W6","www.4033420333.yp.ca",,optometrist
"Russo Stan S Dr","780-469-2020","1110 Capilano Mall , Edmonton , AB T6A 0A1","www.7804692020.yp.ca",,optometrist
"Russo Stan S Dr","780-488-0944","12318 Jasper Avenue Nw , Edmonton , AB T5N 3K5","www.7804880944.yp.ca",,optometrist
"Saddletowne Optometry Inc","403-261-2020","12 Saddletowne Circle Ne , Calgary , AB T3J 0H5","www.4032612020.yp.ca",,optometrist
"Saddletowne Optometry Inc","403-590-2950","","www.4035902950.yp.ca",,optometrist
"Saetre Andrea Dr","403-256-0606","","www.4032560606.yp.ca",,optometrist
"Saik Brent T J Dr","780-417-3003","398-222 Baseline Road , Sherwood Park , AB T8H 1S8","www.7804173003.yp.ca",,optometrist
"Saik Brent T J Dr","780-428-7645","10665 Jasper Avenue Nw , Edmonton , AB T5J 3S9","www.7804287645.yp.ca",,optometrist
"Saik Brent T J Dr","780-434-9800","14248 23 Avenue Nw , Edmonton , AB T6R 3B9","www.7804349800.yp.ca",,optometrist
"Salina Wazir Dr","780-457-6677","15393 Castle Downs Road Nw , Edmonton , AB T5X 6C3","www.7804576677.yp.ca",,optometrist
"Schmidt David Dr","403-286-4142","132 Market Mall Prof Centre , Calgary , AB T3A 2N1","www.4032864142.yp.ca",,optometrist
"Schwandt Kerrie Dr","403-526-2285","4-568 South Railway Street Se , Medicine Hat , AB T1A 2V6","www.4035262285.yp.ca",,optometrist
"Shakya Tannis R Dr","403-652-2424","103 3 Avenue SW , High River , AB T1V 1R3","www.4036522424.yp.ca",,optometrist
"Sharma Anjana Dr","780-432-1913","8003 104 Street Nw , Edmonton , AB T6E 4E3","www.7804321913.yp.ca",,optometrist
"Sharma Dr S","780-988-3937","3352 Gateway Boulevard Nw , Edmonton , AB T6J 6V1","www.7809883937.yp.ca",,optometrist
"Sharma N Dr","780-481-2795","144 Meadowlark Health Centre , Edmonton , AB ","www.7804812795.yp.ca",,optometrist
"Shaw Derek J Dr","403-526-4849","Medicine Hat Mall , Medicine Hat , AB ","www.4035264849.yp.ca",,optometrist
"Shen G Dr","780-475-4888","Londonderry Mall Nw , Edmonton , AB T5C 3C8","www.7804754888.yp.ca",,optometrist
"Shen George C Dr","780-791-5308","Peter Pond Shpg Cntr , Fort McMurray , AB ","www.7807915308.yp.ca",,optometrist
"Shen Jean C Dr","403-264-2639","110-840 7 Avenue SW , Calgary , AB T2P 3G2","www.4032642639.yp.ca",,optometrist
"Shen Jean C Dr","403-274-5234","6530 4 Street NE , Calgary , AB T2K 6H2","www.4032745234.yp.ca",,optometrist
"Sherwood Park Eye Centre","780-464-4575","30 Sioux Road , Sherwood Park , AB T8A 4X1","www.7804644575.yp.ca",,optometrist
"Shih Celina Dr","780-437-2520","701 Southgate Shopping Centre Nw , Edmonton , AB T6H 4M6","www.7804372520.yp.ca",,optometrist
"Signal Hill Eye Care","403-686-2022","5751 Signal Hill Centre Sw , Calgary , AB T3H 3P8","www.4036862022.yp.ca",,optometrist
"Signal Hill Eye Care","403-686-2027","","www.4036862027.yp.ca",,optometrist
"Sillanpaa R V Dr","403-652-7677","120 3 Ave SW , High River , AB T1V 1M7","www.4036527677.yp.ca",,optometrist
"Sillanpaa R V Dr","403-652-1572","","www.4036521572.yp.ca",,optometrist
"Singh Paul Dr","780-440-9696","4351 50 Street Nw , Edmonton , AB T6L 7E8","www.7804409696.yp.ca",,optometrist
"Singh R K","780-476-7631","2112 Londonderry Mall Nw , Edmonton , AB T5C 3C8","www.7804767631.yp.ca",,optometrist
"Siry Ken W Dr","403-275-3322","Beddington Co-Op Shpg Cntr , Calgary , AB T3K 1J7","www.4032753322.yp.ca",,optometrist
"Site For Sight","403-226-7638","713-500 Country Hills Boulevard Ne , Calgary , AB T3K 4Y7","www.4032267638.yp.ca",,optometrist
"Site For Sight","403-226-7698","","www.4032267698.yp.ca",,optometrist
"Skwernuik Beverly Dr","780-457-6677","15393 Castle Downs Road Nw , Edmonton , AB T5X 6C3","www.7804576677.yp.ca",,optometrist
"Slave Lake Eye Care","780-849-2550","401 Main St Ne , Slave Lake , AB ","www.7808492550.yp.ca",,optometrist
"Slave Lake Eye Care","780-849-2773","","www.7808492773.yp.ca",,optometrist
"Snell Richard F Dr","403-289-9221","2 Flr Brentwood Village Cntr , Calgary , AB T2L 1K8","www.4032899221.yp.ca",,optometrist
"South Calgary Eye Care","403-777-2020","105-40 Sunpark Plaza SE , Calgary , AB T2X 3X7","www.4037772020.yp.ca",,optometrist
"South Calgary Eye Care","403-269-2031","","www.4032692031.yp.ca",,optometrist
"Southcentre Optometry","403-278-7622","120-100 Anderson Road SE , Calgary , AB T2J 3V1","www.4032787622.yp.ca",,optometrist
"Southcentre Optometry Clinic/A Division Of Fyi Eye Doctors","403-278-7622","Lwr Lvl Southcentre Mall , Calgary , AB T2J 3V1","www.4032787622.yp.ca",,optometrist
"Southgate Vision Care","780-437-2520","701 Southgate Shopping Centre Nw , Edmonton , AB T6H 4M6","www.7804372520.yp.ca",,optometrist
"Southside Optometry","780-430-4580","100 11100 51 Av , Edmonton , AB T6H 4M6","www.7804304580.yp.ca",,optometrist
"Southwood Eyecare","403-253-8803","10233 Elbow Drive Sw , Calgary , AB T2W 1E8","www.4032538803.yp.ca",,optometrist
"Specs Airdrie","403-316-0021","A107-505 Main Street South , Airdrie , AB T4B 3K3","www.4033160021.yp.ca",,optometrist
"Spectrum Eyecare & Eyewear","403-652-2424","103 3 Avenue Sw , High River , AB T1V 1R3","www.4036522424.yp.ca",,optometrist
"Spruce Grove Vision Care Ltd","780-962-3370","216 Main St , Spruce Grove , AB T7X 2J1","www.7809623370.yp.ca",,optometrist
"Spruce Grove Vision Care Ltd","780-962-6054","","www.7809626054.yp.ca",,optometrist
"Squamish Optometry Clinic","1-888-393-4897","","www.8883934897.yp.ca",,optometrist
"Squamish Optometry Clinic","1-888-393-4897","","www.8883934897.yp.ca",,optometrist
"Sreit (Westland Market) Ltd","780-962-9299","Ofc-70 McLeod Avenue , Spruce Grove , AB T7X 3C7","www.7809629299.yp.ca",,optometrist
"Starko Neil N Dr","780-484-6708","207-8708 155 Street Nw , Edmonton , AB T5R 1W2","www.7804846708.yp.ca",,optometrist
"Starko Neil N Dr","780-484-6709","","www.7804846709.yp.ca",,optometrist
"Stettler Eye Care","403-742-2683","5 4710 50 St , Stettler , AB T0C 2L0","www.4037422683.yp.ca",,optometrist
"Stevenson Scott Dr","403-342-0333","4402 49 Avenue , Red Deer , AB T4N 3W6","www.4033420333.yp.ca",,optometrist
"Stevenson Scott Dr","403-843-6000","5010 50 av , Rimbey , AB T0C 2J0","www.4038436000.yp.ca",,optometrist
"Stevenson Scott Dr","403-845-2780","Suite 7- 4735 45 St , Rocky Mountain House , AB T4T 1C4","www.4038452780.yp.ca",,optometrist
"Stewart S Bischof S & Associates Drs","780-448-1141","183A North Town Mall Nw , Edmonton , AB T5E 6C1","www.7804481141.yp.ca",,optometrist
"Stewart Scott M Dr","780-723-3666","4940 5 Ave , Edson , AB ","www.7807233666.yp.ca",,optometrist
"Stockley Shari Dr","403-346-2020","102-5920 50 Avenue , Red Deer , AB T4N 4C3","www.4033462020.yp.ca",,optometrist
"Stockley Shari Dr","1-800-892-9518","","www.8008929518.yp.ca",,optometrist
"Stonecypher George Dr","403-286-3880","319-4625 Varsity Drive Nw , Calgary , AB T3A 0Z9","www.4032863880.yp.ca",,optometrist
"Stoney Tribal Administration","403-881-3920","","www.4038813920.yp.ca",,optometrist
"Stony Plain Eye Centre","780-963-4062","5114 50 Street , Stony Plain , AB T7Z 1T4","www.7809634062.yp.ca",,optometrist
"Strathcona Vision Centre","780-467-2145","74 Athabascan Avenue , Sherwood Park , AB T8A 4E3","www.7804672145.yp.ca",,optometrist
"Strathmore Vision Clinic","403-934-5034","321 Third Street , Strathmore , AB T1P 1M4","www.4039345034.yp.ca",,optometrist
"Strathmore Vision Clinic","403-934-6646","","www.4039346646.yp.ca",,optometrist
"Strathmore Vision Clinic / A Division Of Fyi Eye Doctors","403-934-5034","321 Third Street , Strathmore , AB T1P 1M4","www.4039345034.yp.ca",,optometrist
"Sundre Vision Care","403-638-1005","Suite 102- 101 6 St Sw , Sundre , AB T0M 1X0","www.4036381005.yp.ca",,optometrist
"Sundre Vision Care","403-638-1090","","www.4036381090.yp.ca",,optometrist
"Sunridge Vision Centre","403-291-0556","","www.4032910556.yp.ca",,optometrist
"Sunridge Vision Centre","403-291-0923","104-2675 36 Street NE , Calgary , AB T1Y 6H6","www.4032910923.yp.ca",,optometrist
"Sy Michael Dr","403-272-9836","","www.4032729836.yp.ca",,optometrist
"Syrota Pamela Dr","403-342-0333","4402 49 Avenue , Red Deer , AB T4N 3W6","www.4033420333.yp.ca",,optometrist
"Syrota Pamela Dr","403-843-6000","5010 50 Ave , Rimbey , AB T0C 2J0","www.4038436000.yp.ca",,optometrist
"Syrota Pamela Dr","403-845-2780","7-4735 45 St , Rocky Mountain House , AB ","www.4038452780.yp.ca",,optometrist
"Syverson Chelsea Dr","780-743-1163","201 Thickwood Boulevard , Fort McMurray , AB T9H 5A9","www.7807431163.yp.ca",,optometrist
"Taber Vision Centre","403-223-1234","5401 50 Avenue , Taber , AB T1G 1V2","www.tabervision.com","drpack@tabervision.com",optometrist
"Tam Carol Dr","403-289-9222","2 Flr Brentwood Village Cntr , Calgary , AB T2L 1K8","www.4032899222.yp.ca",,optometrist
"Tam Carol Dr","403-686-2022","5751 Signal Hill Centre Sw , Calgary , AB T3H 3P8","www.4036862022.yp.ca",,optometrist
"Tatebe Frances Dr","403-328-4466","Lethbridge , AB ","www.4033284466.yp.ca",,optometrist
"Tawar Pri Dr","403-286-4142","132 Market Mall Prof Centre , Calgary , AB T3A 2N1","www.4032864142.yp.ca",,optometrist
"Theng Julie Dr","780-791-5308","Peter Pond Shpg Cntr , Fort McMurray , AB ","www.7807915308.yp.ca",,optometrist
"Thickwood Vision Centre","780-743-1163","201 Thickwood Boulevard , Fort McMurray , AB T9H 5A9","www.7807431163.yp.ca",,optometrist
"Thomas David M Dr","403-241-3000","109-150 Crowfoot Crescent Nw , Calgary , AB T3G 3T2","www.4032413000.yp.ca",,optometrist
"Thompson James A Dr","403-685-5500","7-2008 33 Avenue Sw , Calgary , AB T2T 1Z4","www.4036855500.yp.ca",,optometrist
"Thrall Jane E Dr","780-542-4824","5120 50 St , Drayton Valley , AB T7A 1V4","www.7805424824.yp.ca",,optometrist
"Three Hills Optometry","403-443-2040","1041 2 St N , Three Hills , AB T0M 2A0","www.4034432040.yp.ca",,optometrist
"Three Hills Optometry Clinic","403-443-2040","1041 2 St N , Three Hills , AB T0M 2A0","www.4034432040.yp.ca",,optometrist
"Total Eyes","780-481-2795","144 Meadowlark Health Centre , Edmonton , AB T5R 5W9","www.total-eyes.com",,optometrist
"Total Eyes","780-481-2795","144 Meadowlark Health Centre , Edmonton , AB ","www.7804812795.yp.ca",,optometrist
"Total Focus Family Optometry Centres","780-988-3937","3352 Gateway Boulevard Nw , Edmonton , AB T6J 6V1","www.7809883937.yp.ca",,optometrist
"Total Focus Family Optometry Centres","780-474-6377","646 Kingsway Garden Mall NW , Edmonton , AB T5G 3E6","www.7804746377.yp.ca",,optometrist
"Total Focus Family Optometry Centres","1-800-387-4948","","www.8003874948.yp.ca",,optometrist
"Total Focus Family Optometry Centres","780-409-9180","9637A 45 Avenue Nw , Edmonton , AB T6E 5Z8","www.7804099180.yp.ca",,optometrist
"Total Focus Northgate","780-472-7740","9499 137 Ave Nw , Edmonton , AB T5E 5R8","www.7804727740.yp.ca",,optometrist
"Total Focus Northgate","780-473-7748","1092-9499 137 Avenue Nw , Edmonton , AB T5E 5R8","www.7804737748.yp.ca",,optometrist
"Total Focus Optometry Centre","780-474-6377","646 Kingsway Garden Mall Nw , Edmonton , AB T5G 3E6","www.7804746377.yp.ca",,optometrist
"Total Focus Optometry Centres","780-988-3937","3352 Gateway Boulevard Nw , Edmonton , AB T6J 6V1","www.7809883937.yp.ca",,optometrist
"Tran Kelly Dr","780-444-1933","2173 West Edmonton Mall , Edmonton , AB T5J 0H8","www.7804441933.yp.ca",,optometrist
"Trendz Optical Ltd","780-449-9432","102-48 Brentwood Boulevard , Sherwood Park , AB T8A 2H5","www.7804499432.yp.ca",,optometrist
"Tromposch S Dr","780-422-2681","195-10150 Jasper Avenue Nw , Edmonton , AB T5J 1W4","www.7804222681.yp.ca",,optometrist
"Tromposch S Dr","780-467-2244","30-975 Broadmoor Boulevard , Sherwood Park , AB T8A 5W9","www.7804672244.yp.ca",,optometrist
"Tromposch S Dr","780-473-3998","12765 50 Street Nw , Edmonton , AB T5A 4L8","www.7804733998.yp.ca",,optometrist
"Trump B L Dr","403-485-2177","112 1 St S , Vulcan , AB T0L 2B0","www.4034852177.yp.ca",,optometrist
"Twerdun D N Dr","780-672-3158","5030 50 Street , Camrose , AB T4V 1R2","www.7806723158.yp.ca",,optometrist
"Vallance Toby Dr","403-686-4990","108-555 Strathcona Boulevard SW , Calgary , AB T3H 2Z9","www.4036864990.yp.ca",,optometrist
"Van Der Putten Sarah Dr","780-672-2116","4865 51 Street , Camrose , AB T4V 1S2","www.7806722116.yp.ca",,optometrist
"VanDer Putten Sarah Dr","780-444-1933","2173 West Edmonton Mall , Edmonton , AB T5J 0H8","www.7804441933.yp.ca",,optometrist
"Viewpoint Eyecare & Eyewear","403-678-3700","108-1205 Bow Valley Trail , Canmore , AB T1W 1P5","www.4036783700.yp.ca",,optometrist
"Village Eye Centre","780-467-2244","30-975 Broadmoor Boulevard , Sherwood Park , AB T8A 5W9","www.7804672244.yp.ca",,optometrist
"Village Eye Centre","780-473-3998","12765 50 Street Nw , Edmonton , AB T5A 4L8","www.7804733998.yp.ca",,optometrist
"Vinge D R Dr","403-562-7174","","www.4035627174.yp.ca",,optometrist
"Vinge D R Dr","250-423-4467","","www.2504234467.yp.ca",,optometrist
"Vinge D R Dr","403-562-7144","13119 20 Ave , Blairmore , AB T0K 0E0","www.4035627144.yp.ca",,optometrist
"Vision Care Plus","780-986-8441","58-5203 50 Street , Leduc , AB T9E 6Z5","www.7809868441.yp.ca",,optometrist
"Visionmasters","780-352-3730","3725 56 St , Wetaskiwin , AB T9A 2V6","www.7803523730.yp.ca",,optometrist
"Visionmasters","780-352-3740","","www.7803523740.yp.ca",,optometrist
"VisionMed","780-474-8366","11208 104 Avenue Nw , Edmonton , AB T5K 2X4","www.7804748366.yp.ca",,optometrist
"Visions Eyecare Centre","403-275-3322","Beddington Co-Op Shpg Cntr , Calgary , AB T3K 1J7","www.visions-eyecare.com","isee2020@visions-eyecare.com",optometrist
"Visions Eyecare Centre","403-247-1800","Calgary , AB ","www.4032471800.yp.ca",,optometrist
"VISIONS EYECARE CENTRE","403-233-2020","","www.4032332020.yp.ca",,optometrist
"Visions Eyecare Centre","403-247-1800","","www.4032471800.yp.ca",,optometrist
"Visions Eyecare Centre","403-275-3322","Beddington Co-Op Shpg Cntr , Calgary , AB T3K 1J7","www.visions-eyecare.com","isee2020@visions-eyecare.com",optometrist
"Visual Effects","403-327-5035","240-200 4 Avenue South , Lethbridge , AB T1J 4C9","www.4033275035.yp.ca",,optometrist
"Visual Effects","403-327-5035","","www.4033275035.yp.ca",,optometrist
"Visual Effects","403-328-4466","","www.4033284466.yp.ca",,optometrist
"Visual Effects","403-328-2020","","www.4033282020.yp.ca",,optometrist
"Visual Effects","403-320-1144","","www.4033201144.yp.ca",,optometrist
"Visual Effects","403-328-2020","","www.4033282020.yp.ca",,optometrist
"Visual Optical","780-662-0051","5221 50 St , Tofield , AB T0B 4J0","www.7806620051.yp.ca",,optometrist
"Vivid Vision","780-992-0986","156-10420 98 Avenue , Fort Saskatchewan , AB T8L 2N6","www.7809920986.yp.ca",,optometrist
"Vivid Vision","780-998-7756","156-10404 99 Avenue , Fort Saskatchewan , AB T8L 3W2","www.7809987756.yp.ca",,optometrist
"Vivid Vision","780-998-7150","","www.7809987150.yp.ca",,optometrist
"Waddell Jeffrey Dr","780-459-8910","231 St Albert Centre , St Albert , AB ","www.7804598910.yp.ca",,optometrist
"Walker R E Dr","780-475-4888","Londonderry Mall , Edmonton , AB T5C 3C8","www.7804754888.yp.ca",,optometrist
"Wal-Mart","780-538-1163","","www.7805381163.yp.ca",,optometrist
"Watson E J A Dr","780-778-2405","4728 50 Ave , Whitecourt , AB T7S 1A1","www.7807782405.yp.ca",,optometrist
"Watson E J A Dr","780-778-6517","","www.7807786517.yp.ca",,optometrist
"Watson Gary Dr","780-865-3915","158 Athabasca Avenue , Hinton , AB T7V 2A5","www.7808653915.yp.ca",,optometrist
"Watson Gary Dr","1-800-323-9891","Girouxville , AB T0H 1S0","www.8003239891.yp.ca",,optometrist
"Webb John L Dr","780-826-4437","4816 50 Ave , Bonnyville , AB T9N 1A4","www.7808264437.yp.ca",,optometrist
"Wessels Natalia Dr","403-271-2818","739 Lake Bonavista Drive Se , Calgary , AB T2J 0N2","www.4032712818.yp.ca",,optometrist
"Westbrook Eye Clinic","403-240-2144","MN Lvl Westbrook Shopping Centre Sw , Calgary , AB T3C 1S2","www.4032402144.yp.ca",,optometrist
"Western Laser Eye Associates","403-547-9775","2Flr-8555 Scurfield Drive Nw , Calgary , AB T3L 1Z6","www.westernlasereye.com",,optometrist
"Western Laser Eye Associates","403-547-9775","2Flr-8555 Scurfield Drive Nw , Calgary , AB T3L 1Z6","www.westernlasereye.com",,optometrist
"Westhills Towne Centre","403-245-4447","","www.4032454447.yp.ca",,optometrist
"Westlock Eye Centre","780-349-3702","10030 106 Street , Westlock , AB T7P 2K4","www.7803493702.yp.ca",,optometrist
"Westmount Eyecare","780-455-2868","Suite 438-1 Westmount Shopping Center Nw , Edmonton , AB T5M 3L7","www.7804552868.yp.ca",,optometrist
"Westmount Eyecare","780-455-8233","","www.7804558233.yp.ca",,optometrist
"Westmount Family Optometry","780-447-5860","116 Westmount Centre , Edmonton , AB T5M 3L7","www.7804475860.yp.ca",,optometrist
"Wetmore Gary J Dr","780-871-5991","2-3807 51 Avenue , Lloydminster , AB T9V 2C3","www.7808715991.yp.ca",,optometrist
"Wetmore Gary J Dr","780-871-5998","","www.7808715998.yp.ca",,optometrist
"Wilk Thomas Dr","403-286-0888","5-600 Crowfoot Crescent Nw , Calgary , AB T3G 0B4","www.4032860888.yp.ca",,optometrist
"Wilk Thomas Dr","403-851-2020","404 1 St W , Cochrane , AB T4C 1X8","www.4038512020.yp.ca",,optometrist
"Willoughby Dean M Dr","403-347-0044","Bower Place Shopping Centre , Red Deer , AB T4R 1N9","www.4033470044.yp.ca",,optometrist
"Wilson Alex G Dr","403-289-3312","","www.4032893312.yp.ca",,optometrist
"Wilson Alex G Dr","403-240-2144","","www.4032402144.yp.ca",,optometrist
"Wilson Alex G Dr & Associates","403-289-3312","Deerfoot Outlet Mall / Westbrook Mall , Calgary , AB T2K 1H9","www.drwilson.optometry.net",,optometrist
"Wilson Alex G Dr & Associates","403-289-3312","Deerfoot Mall , Calgary , AB ","www.4032893312.yp.ca",,optometrist
"Wilson Alex G Dr & Associates","403-240-2144","Calgary , AB ","www.4032402144.yp.ca",,optometrist
"Wilson P G Dr","403-783-5575","5120 51 Ave , Ponoka , AB T4J 1R7","www.4037835575.yp.ca",,optometrist
"Wilson P G Dr","403-578-3221","5002 Municipal Rd , Coronation , AB T0C 1C0","www.4035783221.yp.ca",,optometrist
"Wilson Sean Dr","403-286-3880","319-4625 Varsity Drive Nw , Calgary , AB T3A 0Z9","www.4032863880.yp.ca",,optometrist
"Winnicki S Dr & Associates","403-257-8251","88-4307 130 Avenue Se , Calgary , AB T2Z 3V8","www.4032578251.yp.ca",,optometrist
"Wong Astra Dr","780-437-2520","701 Southgate Shopping Centre Nw , Edmonton , AB T6H 4M6","www.7804372520.yp.ca",,optometrist
"Wong Kar-Lit Dr","403-342-4343","129-4747 67 Street , Red Deer , AB T4N 6H3","www.4033424343.yp.ca",,optometrist
"Wong Kar-Lit Dr","403-342-4343","","www.4033424343.yp.ca",,optometrist
"Wong Susan Dr","403-289-9222","2 Flr Brentwood Village Cntr , Calgary , AB T2L 1K8","www.4032899222.yp.ca",,optometrist
"Zidar Micheal Dr","780-875-6308","2-3512 50 Avenue , Lloydminster , AB T9V 1H5","www.7808756308.yp.ca",,optometrist
"ZoBell Ward Dr","403-783-5575","5120 51 Ave , Ponoka , AB T4J 1R7","www.4037835575.yp.ca",,optometrist
"ZoBell Ward Dr","403-782-6077","Lacombe Centre Mall , Lacombe , AB T4L 2A1","www.4037826077.yp.ca",,optometrist
"ZoBell Ward Dr","403-854-3003","Kral Prof Building , Hanna , AB T0J 1P0","www.4038543003.yp.ca",,optometrist
"Basra Gaggan Dr","403-291-0923","104-2675 36 Street NE , Calgary , AB T1Y 6H6","www.4032910923.yp.ca",,optometrist
"Bauder Roland R Dr","403-264-2639","110-840 7 Avenue SW , Calgary , AB T2P 3G2","www.4032642639.yp.ca",,optometrist
"Bauder Roland R Dr","403-278-8851","610-12100 MacLeod Trail SE , Calgary , AB T2J 7G9","www.4032788851.yp.ca",,optometrist
"Baxter Sheila Dr","780-447-5860","116 Westmount Centre , Edmonton , AB T5M 3L7","www.7804475860.yp.ca",,optometrist
"Belle Optical","780-743-2100","","www.7807432100.yp.ca",,optometrist
"Berger Daryl Dr","403-342-0333","4402 49 Avenue , Red Deer , AB T4N 3W6","www.4033420333.yp.ca",,optometrist
"Berger Daryl Dr","403-843-6000","5010 50 Ave , Rimbey , AB T0C 2J0","www.4038436000.yp.ca",,optometrist
"Berger Daryl Dr","403-845-2780","7-4735 45 St , Rocky Mountain House , AB ","www.4038452780.yp.ca",,optometrist
"Berg J Dr","780-988-3937","3352 Gateway Boulevard Nw , Edmonton , AB T6J 6V1","www.7809883937.yp.ca",,optometrist
"Bischof S Stewart S & Associates Drs","780-448-1141","183A North Town Mall Nw , Edmonton , AB T5E 6C1","www.7804481141.yp.ca",,optometrist
"Bishop D H Dr & Associates","403-974-3937","","www.drbishop.com",,optometrist
"Bistritz L Dr","780-988-3937","3352 Gateway Boulevard Nw , Edmonton , AB T6J 6V1","www.7809883937.yp.ca",,optometrist
"Black Diamond Eye Clinic","403-933-3455","126 Centre Ave W , Black Diamond , AB T0L 0H0","www.4039333455.yp.ca",,optometrist
"Blaine David Dr","403-625-4471","126 50 Ave W , Claresholm , AB T0L 0T0","www.4036254471.yp.ca",,optometrist
"Blaine David Dr","403-873-2123","315-2335 162 Avenue SW , Calgary , AB T2Y 4S6","www.4038732123.yp.ca",,optometrist
"Boivin Julie Dr","403-343-1600","Bower Place Shpg Cntr , Red Deer , AB T4R 1N9","www.4033431600.yp.ca",,optometrist
"Bonavista Eye Clinic","403-271-2818","739 Lake Bonavista Drive Se , Calgary , AB T2J 0N2","www.4032712818.yp.ca",,optometrist
"Bonavista Eye Clinic","403-278-4812","","www.4032784812.yp.ca",,optometrist
"Bonnie Doon Eye Care","780-466-0323","107 Bonnie Doon Shopping Centre Nw , Edmonton , AB T6C 4E3","www.7804660323.yp.ca",,optometrist
"Boucher Samuel Dr","780-419-7000","530 St Albert Road , St Albert , AB T8N 5Z1","www.7804197000.yp.ca",,optometrist
"Bourdeau Mark Dr","403-256-0606","","www.4032560606.yp.ca",,optometrist
"Bower Eye Care","403-309-2255","109A-4900 Molly Bannister Drive , Red Deer , AB T4R 1N9","www.4033092255.yp.ca",,optometrist
"Bower Place Eye Centre","403-347-0053","Bower Place Shopping Centre , Red Deer , AB T4R 1N9","www.4033470053.yp.ca",,optometrist
"Brady Troy Dr","780-986-2020","4701 48 Street , Leduc , AB T9E 8E9","www.7809862020.yp.ca",,optometrist
"Brady Troy Dr","780-486-2020","268 Mayfield Common NW , Edmonton , AB T5P 4B3","www.7804862020.yp.ca",,optometrist
"Braun Monika Dr","780-865-3915","158 Athabasca Avenue , Hinton , AB T7V 2A5","www.7808653915.yp.ca",,optometrist
"Brenner Steven Dr","403-253-8803","10233 Elbow Drive Sw , Calgary , AB T2W 1E8","www.4032538803.yp.ca",,optometrist
"Brentwood Eye Clinic","403-289-9222","2 Flr Brentwood Village Cntr , Calgary , AB T2L 1K8","www.4032899222.yp.ca",,optometrist
"Bridges Jill Dr","403-263-9090","100-727 7 Avenue Sw , Calgary , AB T2P 0Z5","www.4032639090.yp.ca",,optometrist
"Bridlewood Eye Care","403-873-2123","315-2335 162 Avenue Sw , Calgary , AB T2Y 4S6","www.4038732123.yp.ca",,optometrist
"Brisbin Scott Dr","780-417-2020","30 Sioux Road , Sherwood Park , AB T8A 4X1","www.7804172020.yp.ca",,optometrist
"Brouwer A A & Pineau D R Drs","780-462-8109","109-3017 66 Street Nw , Edmonton , AB T6K 4B2","www.7804628109.yp.ca",,optometrist
"Browz Eyeware Inc","403-726-2388","4307 130 Avenue Se , Calgary , AB T2Z 3V8","www.4037262388.yp.ca",,optometrist
"Browz Eyeware Inc","403-258-4482","3-8720 Macleod Trail Se , Calgary , AB T2H 0M4","www.4032584482.yp.ca",,optometrist
"Browz Eyeware Inc","403-258-4412","","www.4032584412.yp.ca",,optometrist
"Bruhjell Michael C Dr","403-678-6221","101-820 Main Street , Canmore , AB T1W 2B7","www.4036786221.yp.ca",,optometrist
"Bruhjell Michael C Dr","403-762-2646","3 Flr Bear St Mall , Banff , AB ","www.4037622646.yp.ca",,optometrist
"Bruhjell Michael C Dr","403-678-6221","101-820 8 St , Canmore , AB ","www.4036786221.yp.ca",,optometrist
"Burns Douglas G Dr","403-278-7622","120-100 Anderson Road SE , Calgary , AB T2J 3V1","www.4032787622.yp.ca",,optometrist
"Burt Darren Dr","403-271-1803","25-1221 Canyon Meadows Drive SE , Calgary , AB T2J 6G2","www.deervalleyvision.com",,optometrist
"Butts Bruce Dr","780-439-2085","4620 Calgary Trail Nw , Edmonton , AB T6H 6A1","www.7804392085.yp.ca",,optometrist
"Butts Bruce L Dr","780-439-2085","4620 Calgary Trail Nw , Edmonton , AB T6H 6A1","www.7804392085.yp.ca",,optometrist
"Butts Bruce L Dr","1-888-439-2002","","www.8884392002.yp.ca",,optometrist
"Calgary Dry Eye Clinic","403-685-5501","7-2008 33 Avenue Sw , Calgary , AB T2T 1Z4","www.4036855501.yp.ca",,optometrist
"Calgary Optometry Centre LLP","403-264-2639","","www.calgaryoptometry.com",,optometrist
"Calgary Optometry Centre LLP","403-264-2639","110-840 7 Avenue SW , Calgary , AB T2P 3G2","www.4032642639.yp.ca",,optometrist
"Calgary Optometry Centre LLP","403-274-5234","6530 4 Street NE , Calgary , AB T2K 6H2","www.4032745234.yp.ca",,optometrist
"Calgary Optometry Centre LLP","403-278-8851","610-12100 MacLeod Trail SE , Calgary , AB T2J 7G9","www.4032788851.yp.ca",,optometrist
"Calgary Trail Vision Centre","780-439-2085","4620 Calgary Trail Nw , Edmonton , AB T6H 6A1","www.calgarytrailvisioncentre.com",,optometrist
"Callingwood Vision & Contact Lens Centre","780-444-6407","438-6650 177 Street Nw , Edmonton , AB T5T 4J5","www.7804446407.yp.ca",,optometrist
"Campbell Ross C Dr","780-594-5755","5205 51 Street , Cold Lake , AB T9M 1W9","www.7805945755.yp.ca",,optometrist
"Campbell Ross C Dr","780-594-6855","","www.7805946855.yp.ca",,optometrist
"Camp Val D Dr","780-467-2145","74 Athabascan Avenue , Sherwood Park , AB T8A 4E3","www.7804672145.yp.ca",,optometrist
"Camp Val Dr","780-467-2145","Sherwood Park , AB ","www.7804672145.yp.ca",,optometrist
"Capilano Eye Centre","780-469-2020","1110 Capilano Mall , Edmonton , AB T6A 0A1","www.7804692020.yp.ca",,optometrist
"Carlson K E Dr","780-986-2020","4701 48 Street , Leduc , AB T9E 8E9","www.7809862020.yp.ca",,optometrist
"Carlson Ken Dr","780-986-2020","4701 48 Street , Leduc , AB T9E 8E9","www.7809862020.yp.ca",,optometrist
"Carlson Ken Dr","780-469-2020","1110 Capilano Mall , Edmonton , AB T6A 0A1","www.7804692020.yp.ca",,optometrist
"Carlson Ken Dr","780-488-0944","12318 Jasper Avenue Nw , Edmonton , AB T5N 3K5","www.7804880944.yp.ca",,optometrist
"Carvell Gerald Dr","403-342-2003","4912 Gaetz Avenue , Red Deer , AB T4N 4A8","www.4033422003.yp.ca",,optometrist
"Centennial Optical Ltd","403-235-0413","","www.4032350413.yp.ca",,optometrist
"Century Optical","780-496-9222","210-3210 118 Avenue Nw , Edmonton , AB T5W 4W1","www.7804969222.yp.ca",,optometrist
"Chau Shanda Dr","403-242-1818","138-3715 51 Street Sw , Calgary , AB T3E 6V2","www.4032421818.yp.ca",,optometrist
"Chestermere Optometry Corp","403-229-2032","","www.4032292032.yp.ca",,optometrist
"Chestermere Optometry Corp","403-229-2020","Suite 106B-175 Chestermere Station Way , Chestermere , AB T1X 0A4","www.4032292020.yp.ca",,optometrist
"Chi Charlie Y Dr","780-450-3342","2955 66 Street Nw , Edmonton , AB T6K 4C1","www.7804503342.yp.ca",,optometrist
"Chin Donald J Dr","780-542-4824","5120 50 St , Drayton Valley , AB ","www.7805424824.yp.ca",,optometrist
"Chinook Optometric Clinic","403-253-0234","Calgary , AB ","www.4032530234.yp.ca",,optometrist
"Chinook Optometric Clinic","403-253-0234","601 Chinook Professional Bldg , Calgary , AB T2H 0K9","www.4032530234.yp.ca",,optometrist
"Choi Freeman Dr","780-474-8366","11208 104 Avenue Nw , Edmonton , AB T5K 2X4","www.7804748366.yp.ca",,optometrist
"City Focus Optometry & Eyewear","403-263-9090","100-727 7 Avenue Sw , Calgary , AB T2P 0Z5","www.cityfocusoptometry.com",,optometrist
"City Focus Optometry & Eyewear","403-263-9090","100-727 7 Avenue Sw , Calgary , AB T2P 0Z5","www.cityfocusoptometry.com",,optometrist
"City Focus Optometry & Eyewear","403-263-9075","","www.4032639075.yp.ca",,optometrist
"Claresholm Eyecare Optometry","403-625-4471","126 50 Ave W , Claresholm , AB T0L 0T0","www.4036254471.yp.ca",,optometrist
"ClearView EyeCare","403-526-2285","4-568 South Railway Street Se , Medicine Hat , AB T1A 2V6","www.4035262285.yp.ca",,optometrist
"ClearView EyeCare","403-528-4487","","www.4035284487.yp.ca",,optometrist
"Cloarec M D Dr","780-672-3361","4849 49 Street , Camrose , AB T4V 1N1","www.7806723361.yp.ca",,optometrist
"Coaldale Vision Centre A Division Of Fyi Eye Doctors","403-345-2600","1712 20 Ave , Coaldale , AB T1M 1K6","www.4033452600.yp.ca",,optometrist
"Cochrane Eyecare Centre","403-932-9200","3 123 4 Ave W , Cochrane , AB T4C 1B5","www.4039329200.yp.ca",,optometrist
"Coles R E Dr","403-933-3455","126 Centre Ave W , Black Diamond , AB T0L 0H0","www.4039333455.yp.ca",,optometrist
"Coles Robert Dr","403-255-9571","640-9737 Macleod Trail Sw , Calgary , AB T2J 0P6","www.4032559571.yp.ca",,optometrist
"Community Vision Associates","780-460-3888","","www.7804603888.yp.ca",,optometrist
"Cooper Sarah Dr","403-256-0606","","www.4032560606.yp.ca",,optometrist
"Couture Lance J Dr","403-239-0888","202-5149 Country Hills Boulevard Nw , Calgary , AB T3A 5K8","www.4032390888.yp.ca",,optometrist
"Couture Lance J Dr","403-547-0868","3003-11300 Tuscany Boulevard NW , Calgary , AB T3L 2V7","www.4035470868.yp.ca",,optometrist
"Crowe Kim Dr","403-262-5012","205-300 5 Avenue Sw , Calgary , AB T2P 3C4","www.4032625012.yp.ca",,optometrist
"Crowfoot Vision Centre","403-241-3000","109-150 Crowfoot Crescent NW , Calgary , AB T3G 3T2","www.crowfootvisioncentre.com","crowfootvision@shaw.ca",optometrist
"Crowfoot Vision Centre","403-241-3000","109-150 Crowfoot Crescent NW , Calgary , AB T3G 3T2","www.crowfootvisioncentre.com","crowfootvision@shaw.ca",optometrist
"Crowsnest Optometric Clinic","403-562-7144","13119 20 Av , Blairmore , AB T0K 0E0","www.4035627144.yp.ca",,optometrist
"Cummings W Dr","780-623-4604","10261 101 Ave , Lac La Biche , AB T0A 2C0","www.7806234604.yp.ca",,optometrist
"Cummings W Dr","780-675-2749","4818 49 Street , Athabasca , AB T9S 1C3","www.7806752749.yp.ca",,optometrist
"Dame Paul Dr","403-262-5012","205-300 5 Avenue Sw , Calgary , AB T2P 3C4","www.4032625012.yp.ca",,optometrist
"Dame Paul Dr","403-266-5800","","www.4032665800.yp.ca",,optometrist
"Dawdy Graham W Dr","780-539-3933","10801 100 Street , Grande Prairie , AB T8V 2M7","www.7805393933.yp.ca",,optometrist
"Day George Dr","403-320-6414","3222 Fairway Street South , Lethbridge , AB T1K 8A3","www.4033206414.yp.ca",,optometrist
"Dean K C Dr","780-962-3370","216 Main St , Spruce Grove , AB T7X 2J1","www.7809623370.yp.ca",,optometrist
"Deerfoot Mall Eye Care","403-289-3312","Deerfoot Mall , Calgary , AB ","www.4032893312.yp.ca",,optometrist
"Deerfoot Vision Centre","403-274-4680","","www.4032744680.yp.ca",,optometrist
"Deerfoot Vision Centre","403-274-4514","901 64 Avenue NE , Calgary , AB T2E 7P4","www.4032744514.yp.ca",,optometrist
"Deer Valley Vision Center","403-271-1803","25-1221 Canyon Meadows Drive SE , Calgary , AB T2J 6G2","www.deervalleyvision.com",,optometrist
"Delong R G Dr","780-437-5777","208-596 Riverbend Square Nw , Edmonton , AB T6R 2E3","www.7804375777.yp.ca",,optometrist
"Delong T Dr","403-208-4888","325-3630 Brentwood Road NW , Calgary , AB T2L 1K8","www.4032084888.yp.ca",,optometrist
"DeMara R A Dr","403-225-5660","10655 Southport Road Sw , Calgary , AB T2W 4Y1","www.4032255660.yp.ca",,optometrist
"DeMara R A Dr","403-225-5927","","www.4032255927.yp.ca",,optometrist
"Denson Andrew Dr","403-912-7557","1-804 Main Street SE , Airdrie , AB T4B 3M1","www.4039127557.yp.ca",,optometrist
"Devon Eye Clinic","780-987-3050","31 Athabasca Avenue , Devon , AB T9G 1G5","www.7809873050.yp.ca",,optometrist
"Devon Eye Clinic","780-429-0029","","www.7804290029.yp.ca",,optometrist
"Dhaliwal Kulvir Dr","780-434-9800","14248 23 Avenue Nw , Edmonton , AB T6R 3B9","www.7804349800.yp.ca",,optometrist
"Dhaliwal Kulvir Dr","780-632-4448","102 4914 50 Ave , Vegreville , AB T9C 1M3","www.7806324448.yp.ca",,optometrist
"Dhiman K Dr","403-259-4888","8338 18 Street SE , Calgary , AB T2C 4E4","www.4032594888.yp.ca",,optometrist
"Dianna Leong Prof Corp","403-272-9836","270-433 Marlborough Way Ne , Calgary , AB T2A 5H5","www.4032729836.yp.ca",,optometrist
"Dien J","780-476-7631","2112 Londonderry Mall Nw , Edmonton , AB T5C 3C8","www.7804767631.yp.ca",,optometrist
"Dien Julie Dr","780-423-2113","9678 142 Street Nw , Edmonton , AB T5N 4B2","www.7804232113.yp.ca",,optometrist
"Doctors EyeCare","403-346-2020","","www.4033462020.yp.ca",,optometrist
"Doctors EyeCare Sylvan Lake","403-887-2020","5006 50 Avenue , Sylvan Lake , AB T4S 1S3","www.4038872020.yp.ca",,optometrist
"Doctors EyeCare Sylvan Lake","403-887-2025","","www.4038872025.yp.ca",,optometrist
"Dodds Laurie Dr","403-263-9090","100-727 7 Avenue Sw , Calgary , AB T2P 0Z5","www.4032639090.yp.ca",,optometrist
"Doig Russell Dr","403-253-0234","601 Chinook Professional Bldg , Calgary , AB T2H 0K9","www.4032530234.yp.ca",,optometrist
"Doig Russell Dr","403-934-5034","321 Third Street , Strathmore , AB T1P 1M4","www.4039345034.yp.ca",,optometrist
"Downtown Vision Care","403-262-5012","205-300 5 Avenue Sw , Calgary , AB T2P 3C4","www.4032625012.yp.ca",,optometrist
"Downtown West End Vision Centre","403-232-6912","109-150 Crowfoot Crescent NW , Calgary , AB T3G 3T2","www.4032326912.yp.ca",,optometrist
"Doz Ben Dr","780-469-2020","1110 Capilano Mall , Edmonton , AB T6A 0A1","www.7804692020.yp.ca",,optometrist
"Doz Ben Dr","780-488-0944","12318 Jasper Avenue Nw , Edmonton , AB T5N 3K5","www.7804880944.yp.ca",,optometrist
"Doz Ben Dr","780-469-2020","1110 Capilano Mall , Edmonton , AB T6A 0A1","www.7804692020.yp.ca",,optometrist
"Drayton Valley Eyecare","780-542-4824","Drayton Valley , AB ","www.7805424824.yp.ca",,optometrist
"Dr Bina Lila","403-218-2020","192-8888 Country Hills Boulevard Nw , Calgary , AB T3G 5T4","www.4032182020.yp.ca",,optometrist
"Dr Bishop & Associates","403-974-3937","Southcentre Mall Marlborough Mall Northland Village Mall , Calgary , AB T2A 2K2","www.drbishop.com","admin@drbishop.com",optometrist
"Dr Dallas Wagner","403-362-5063","640 Cassils Road East , Brooks , AB T1R 1M6","www.4033625063.yp.ca",,optometrist
"Dr Darren Wagner","403-362-5063","640 Cassils Road East , Brooks , AB T1R 1M6","www.4033625063.yp.ca",,optometrist
"Dr G C Shen & Associates","780-791-5308","Peter Pond Shpg Cntr , Fort McMurray , AB ","www.7807915308.yp.ca",,optometrist
"Driftwood Optical/A Division Of Fyi Eye Doctors","403-362-8181","1080 2 St W , Brooks , AB T1R 0N8","www.4033628181.yp.ca",,optometrist
"Drouin Annie Dr","403-263-9090","100-727 7 Avenue Sw , Calgary , AB T2P 0Z5","www.4032639090.yp.ca",,optometrist
"Drouin Annie Dr","403-278-7622","","www.4032787622.yp.ca",,optometrist
"Dr Russ Reisher & Associates","403-309-2255","109A-4900 Molly Bannister Drive , Red Deer , AB T4R 1N9","www.4033092255.yp.ca",,optometrist
"Duguay Kris Dr","403-278-7622","120-100 Anderson Road SE , Calgary , AB T2J 3V1","www.4032787622.yp.ca",,optometrist
"Dwernichuk Laura Dr","780-963-5416","5114 50 Street , Stony Plain , AB T7Z 1T4","www.7809635416.yp.ca",,optometrist
"Dwernichuk Laura Dr","1-877-350-8811","5114 50 Street , Stony Plain , AB T7Z 1T4","www.8773508811.yp.ca",,optometrist
"Eagle D B Dr","780-437-2520","701 Southgate Shopping Centre Nw , Edmonton , AB T6H 4M6","www.7804372520.yp.ca",,optometrist
"Eastgate Eye Care","780-449-6260","","www.7804496260.yp.ca",,optometrist
"Eastham Gary M Dr","403-258-2010","Chinook Centre , Calgary , AB T2H 0K8","www.4032582010.yp.ca",,optometrist
"Eastwood Rob Dr","403-346-2020","102-5920 50 Avenue , Red Deer , AB T4N 4C3","www.4033462020.yp.ca",,optometrist
"Eastwood Rob Dr","1-800-892-9518","","www.8008929518.yp.ca",,optometrist
"Eaton Centre Vision Centre","403-266-6911","","www.4032666911.yp.ca",,optometrist
"Edmonton City Centre Eyecare","780-429-0029","310-1 Edmonton City Centre NW , Edmonton , AB T5J 0E7","www.7804290029.yp.ca",,optometrist
"Edmonton City Centre Eyecare","780-425-8894","","www.7804258894.yp.ca",,optometrist
"Edmonton City Centre Eyecare","780-429-0029","310 Edmonton City Centre Nw , Edmonton , AB T5J 4H5","www.7804290029.yp.ca",,optometrist
"Edmonton Vision Centre","780-440-9696","4351 50 Street Nw , Edmonton , AB T6L 7E8","www.7804409696.yp.ca",,optometrist
"Edwards Al R Dr","780-594-5755","5205 51 Street , Cold Lake , AB T9M 1W9","www.7805945755.yp.ca",,optometrist
"Edworthy Gene A Dr","403-206-9966","229-425 1 Street Sw , Calgary , AB T2P 3L8","www.4032069966.yp.ca",,optometrist
"Edworthy Vision Centre","403-206-9966","229-425 1 Street Sw , Calgary , AB T2P 3L8","www.edworthyvision.ca",,optometrist
"Edworthy Vision On Fifth","403-206-9966","229-425 1 Street Sw , Calgary , AB T2P 3L8","www.4032069966.yp.ca",,optometrist
"Eisner H Dr","403-269-1388","222-321 6 Avenue Sw , Calgary , AB T2P 3H3","www.4032691388.yp.ca",,optometrist
"Eisner M Dr","403-269-1388","222-321 6 Avenue Sw , Calgary , AB T2P 3H3","www.4032691388.yp.ca",,optometrist
"Endres Angela Dr","780-469-2020","1110 Capilano Mall Shpg Cntr , Edmonton , AB ","www.7804692020.yp.ca",,optometrist
"Endres Angela Dr","780-486-2020","268 Mayfield Common NW , Edmonton , AB T5P 4B3","www.7804862020.yp.ca",,optometrist
"Engel Kevin J Dr","403-782-6076","5013 50 Street , Lacombe , AB T4L 1X9","www.4037826076.yp.ca",,optometrist
"Erlandson Robert B Dr","403-328-2020","2 Flr Lethbridge Centre Mall , Lethbridge , AB ","www.4033282020.yp.ca",,optometrist
"Erlandson Robert Dr","403-823-4999","PO Box 1508 , Drumheller , AB T0J 0Y0","www.4038234999.yp.ca",,optometrist
"Evans James R Dr","780-422-2681","195-10150 Jasper Avenue Nw , Edmonton , AB T5J 1W4","www.7804222681.yp.ca",,optometrist
"Evans James R Dr","780-467-2244","30-975 Broadmoor Boulevard , Sherwood Park , AB T8A 5W9","www.7804672244.yp.ca",,optometrist
"Evans James R Dr","780-473-3998","12765 50 Street Nw , Edmonton , AB T5A 4L8","www.7804733998.yp.ca",,optometrist
"Eye Appeal Vision Care Ltd","403-394-2020","335 Columbia Boulevard West , Lethbridge , AB T1K 5Y8","www.eyeappealvision.com","drpack@eyeappealvision.com",optometrist
"eye-bar Optometrists Opticians & Sunglass Specialists","780-467-3341","25-993 Fir Street , Sherwood Park , AB T8A 4N5","www.7804673341.yp.ca",,optometrist
"eye-bar Optometrists Opticians & Sunglass Specialists","1-877-393-2275","","www.8773932275.yp.ca",,optometrist
"Eye Candy Optical","403-245-1525","C-1301 17 Avenue Sw , Calgary , AB T2T 0C4","www.4032451525.yp.ca",,optometrist
"Eye Care Centre","403-527-1444","2-3151 Dunmore Road Se , Medicine Hat , AB T1B 2H2","www.4035271444.yp.ca",,optometrist
"Eye Care Group","780-439-2020","10724 82 Avenue Nw , Edmonton , AB T6E 6P4","www.eyecaregroup.ca",,optometrist
"Eye Care Group","780-459-2020","60-19 Bellerose Drive , St Albert , AB T8N 5E1","www.7804592020.yp.ca",,optometrist
"Eye Care Optometric Group","780-429-1639","","www.7804291639.yp.ca",,optometrist
"Eye Care Optometric Group","780-429-0713","","www.7804290713.yp.ca",,optometrist
"Eye Care Optometric Group","780-437-2020","10360 Jasper Avenue Nw , Edmonton , AB T5J 1Y7","www.7804372020.yp.ca",,optometrist
"Eyeclectic Eyewear","403-685-5500","7-2008 33 Avenue Sw , Calgary , AB T2T 1Z4","www.4036855500.yp.ca",,optometrist
"Eyeclectic Eyewear","403-266-6911","226-200 Barclay Parade Sw , Calgary , AB T2P 4R5","www.eyeclecticeyewear.ca","eyeguys@cadvision.com",optometrist
"Eyeclectic Eyewear","403-271-9050","498-10816 Macleod Trail Se , Calgary , AB T2J 5N8","www.4032719050.yp.ca",,optometrist
"Eyeclectic Eyewear","403-283-2622","1116 Kensington Road Nw , Calgary , AB T2N 3P1","www.4032832622.yp.ca",,optometrist
"Eyeclectic Eyewear","403-291-5511","520-3545 32 Avenue Ne , Calgary , AB T1Y 6M6","www.4032915511.yp.ca",,optometrist
"Eyeclectic Eyewear","403-266-6911","119-751 3 Street Sw , Calgary , AB T2P 4K8","www.4032666911.yp.ca",,optometrist
"Eyeclectic Optometric Clinic","403-266-6911","","www.4032666911.yp.ca",,optometrist
"Eyedesigns Optometry","403-286-3880","319-4625 Varsity Drive Nw , Calgary , AB T3A 0Z9","www.4032863880.yp.ca",,optometrist
"Eye Effects","403-686-4990","108-555 Strathcona Boulevard Sw , Calgary , AB T3H 2Z9","www.eyeeffects.ca",,optometrist
"Eye Effects","403-686-9462","","www.4036869462.yp.ca",,optometrist
"Eye Gallery","403-246-3445","3522 Garrison Gate Sw , Calgary , AB T2T 6N1","www.4032463445.yp.ca",,optometrist
"Eye Health Centre Ltd","780-419-7000","530 St Albert Road , St Albert , AB T8N 5Z1","www.7804197000.yp.ca",,optometrist
"Eye Image","780-222-4444","9220 Ellerslie Road Sw , Edmonton , AB T6X 0K6","www.7802224444.yp.ca",,optometrist
"EyeMasters Family Eye Care","780-479-5599","6515 112 Avenue Nw , Edmonton , AB T5W 0P1","www.eyemasters.org",,optometrist
"Eyemasters Family Eye Care","780-472-7464","13733 127 Street Nw , Edmonton , AB T6V 1A8","www.7804727464.yp.ca",,optometrist
"Eyepro Optical","403-274-0108","210-8120 Beddington Boulevard Nw , Calgary , AB T3K 2A8","www.4032740108.yp.ca",,optometrist
"Eyepro Optical","403-274-0272","210-8120 Beddington Boulevard Nw , Calgary , AB T3K 2A8","www.4032740272.yp.ca",,optometrist
"Eyesite The","403-252-4567","Heritage Plaza , Calgary , AB T2H 2V2","www.4032524567.yp.ca",,optometrist
"Eye Studio The","403-352-8846","510-3020 22 Street , Red Deer , AB T4R 3J5","www.4033528846.yp.ca",,optometrist
"Eye To Eye Optometry Clinic","780-423-2113","9678 142 Street Nw , Edmonton , AB T5N 4B2","www.eyetoeyeoptometry.ca",,optometrist
"Eye To Eye Optometry Clinic","780-423-2093","","www.7804232093.yp.ca",,optometrist
"Eye Trend Ltd","780-641-0404","18328 Lessard Road Nw , Edmonton , AB T6M 2W8","www.7806410404.yp.ca",,optometrist
"Eyeware Place The","403-208-4888","325-3630 Brentwood Road NW , Calgary , AB T2L 1K8","www.4032084888.yp.ca",,optometrist
"Eyeware Place The","403-259-4888","346-8338 18 Street SE , Calgary , AB T2C 4E4","www.4032594888.yp.ca",,optometrist
"Eyewear Place The","780-433-4888","2065 111 St NW , Edmonton , AB T6J 4V9","www.eyewearplace.com","rob@eyewearplace.com",optometrist
"Eyewear Place The","780-475-4888","Londonderry Mall , Edmonton , AB T5L 3C8","www.7804754888.yp.ca",,optometrist
"Eyewear Place The","403-314-4888","102-2004 Gaetz Avenue , Red Deer , AB T4R 3A2","www.4033144888.yp.ca",,optometrist
"Eyewear Place The","780-433-4888","2065 111 Street Nw , Edmonton , AB T6J 4V9","www.7804334888.yp.ca",,optometrist
"Eyewear Place The","403-301-5334","325-3630 Brentwood Road Nw , Calgary , AB T2L 1K8","www.4033015334.yp.ca",,optometrist
"Eyewear Place The","780-875-6308","2-3512 50 Avenue , Lloydminster , AB T9V 1H5","www.7808756308.yp.ca",,optometrist
"Eyewear Place The","780-472-5946","Suite 341-1 Londonderry Mall Nw , Edmonton , AB T5C 3C8","www.7804725946.yp.ca",,optometrist
"Eyewear Place The","780-791-7247","Peter Pond Shpg Cntr , Fort McMurray , AB ","www.7807917247.yp.ca",,optometrist
"Eyewear & Vision Centre","780-706-3544","15 5115 49 St , Whitecourt , AB T7S 1P1","www.7807063544.yp.ca",,optometrist
"Fabbi Ron S Dr","403-327-3331","508 5 Avenue South , Lethbridge , AB T1J 0T8","www.4033273331.yp.ca",,optometrist
"Family Eyecare","403-782-6076","5013 50 Street , Lacombe , AB T4L 1X9","www.4037826076.yp.ca",,optometrist
"Family Eyecare","780-352-4312","5004 51 Street , Wetaskiwin , AB T9A 1L3","www.7803524312.yp.ca",,optometrist
"Family Eyecare Clinic","780-672-2116","4865 51 Street , Camrose , AB T4V 1S2","www.7806722116.yp.ca",,optometrist
"Family Eyecare Clinic","1-800-261-2030","","www.8002612030.yp.ca",,optometrist
"Family Vision Care","1-800-801-2015","9913 103 Street , Fort Saskatchewan , AB T8L 2C8","www.8008012015.yp.ca",,optometrist
