"AA 12 Step Caring Counselling Clinical Society","1-877-638-9548","","www.8776389548.yp.ca",,clinic
"Abatement Massage Therapy","902-765-8500","976 Central av , Kingston , NS B0P 1R0","www.9027658500.yp.ca",,clinic
"Aberdeen Dental Clinic","902-752-7406","814 East River Road , New Glasgow , NS B2H 3S3","www.9027527406.yp.ca",,clinic
"Aberdeen Walk-In Clinic","902-752-7125","610 East River Road , New Glasgow , NS B2H 3S2","www.9027527125.yp.ca",,clinic
"Acadia First Nation","902-627-1245","311 Beech Hill Rd , Western Shore , NS B0J 3M0","www.9026271245.yp.ca",,clinic
"Acadia Sports Therapy Clinic","902-585-1625","Wolfville , NS B0P 1X0","www.9025851625.yp.ca",,clinic
"Active Life Physiotherapy & Massage Clinic","902-752-9926","610 East River Road , New Glasgow , NS B2H 3S2","www.9027529926.yp.ca",,clinic
"Acupuncture Nova Scotia Institute & Clinic","902-890-1992","NS ","www.9028901992.yp.ca",,clinic
"Acuruby Soft Laser Clinics","902-452-3138","Halifax , NS ","www.9024523138.yp.ca",,clinic
"Adent Clinic","1-800-406-1188","","www.8004061188.yp.ca",,clinic
"A Different Touch Health Clinic","902-492-2256","A306-6389 Coburg Road , Halifax , NS B3H 2A5","www.9024922256.yp.ca",,clinic
"Advocate Medical Clinic","902-392-2734","Advocate Harbour , NS B0M 1A0","www.9023922734.yp.ca",,clinic
"Albro Lake Medical Clinic","902-465-4444","6 Primrose Avenue , Herring Cove , NS B3R 1A3","www.9024654444.yp.ca",,clinic
"Alexandra Street Dental Clinic","902-567-1668","NS ","www.9025671668.yp.ca",,clinic
"Alexandra Street Dental Clinic","902-562-6116","NS ","www.9025626116.yp.ca",,clinic
"Alliance Vision Clinic/A Division Of Fyi Eye Doctors","902-597-2424","6 McFarlane , Springhill , NS ","www.9025972424.yp.ca",,clinic
"Alpha Chiropractic Clinic","902-542-5433","1460 Belcher , Wolfville , NS B0P 1T0","www.9025425433.yp.ca",,clinic
"Amherst Family Health Clinic","902-667-3330","158 Robert Angus Drive , Amherst , NS B4H 4R7","www.9026673330.yp.ca",,clinic
"Andersons Denture Clinic","902-863-5725","319 Main Street , Antigonish , NS B2G 2C3","www.9028635725.yp.ca",,clinic
"Angela K Dwyer RMT","902-752-9269","277 Foord , New Glasgow , NS B2H 1K4","www.9027529269.yp.ca",,clinic
"Anti-Aging Medical Clinic Of Vancouver","1-877-422-4464","","www.8774224464.yp.ca",,clinic
"Anti-Aging Medical & Laser Clinic","1-877-422-4464","","www.8774224464.yp.ca",,clinic
"Antigonish Acupuncture & Traditional Chinese Medicine (TCM) Clinic","902-863-3636","49 Somers Road , Antigonish , NS B2G 2Z4","www.9028633636.yp.ca",,clinic
"Antigonish Clinical Trials","902-863-6939","220 Main Street , Antigonish , NS B2G 2C2","www.9028636939.yp.ca",,clinic
"Antigonish Physiotherapy","902-863-0757","9 Main Street , Antigonish , NS B2G 2B3","www.9028630757.yp.ca",,clinic
"Antigonish Travel Medicine Clinic","902-863-4558","40 Church Street , Antigonish , NS B2G 2C7","www.9028634558.yp.ca",,clinic
"Antigonish Veterinary Clinic","902-863-3157","288 Hawthorne Street , Antigonish , NS B2G 1B8","www.9028633157.yp.ca",,clinic
"Aqua Terra Natural Health Clinic","902-867-2700","Antigonish , NS B2G 2B9","www.9028672700.yp.ca",,clinic
"Aqua Terra Natural Health Clinic","902-867-2700","NS ","www.9028672700.yp.ca",,clinic
"Aqua Terra Natural Health ClinicFacsimile","902-867-1888","NS ","www.9028671888.yp.ca",,clinic
"Kennetcook Medical Centre","902-362-2021","6202 Highway 354 , Kennetcook , NS B0N 1P0","www.kennetcook.com",,clinic
"Kian Holistic Health Clinic","902-446-5426","1171 Bedford Highway , Bedford , NS B4A 1C2","www.kianclinic.com",,clinic
"King Medical Clinic","902-463-1525","380 Portland Street , Dartmouth , NS B2Y 1K8","www.9024631525.yp.ca",,clinic
"Kings Physiotherapy Clinic Ltd","902-681-8181","1002 Kentucky Court , New Minas , NS B4N 4N2","www.9026818181.yp.ca",,clinic
"Kingsport Osteopathic Clinic","902-582-7607","16 Water Street RR 2 , Canning , NS B0P 1H0","www.9025827607.yp.ca",,clinic
"Kings Road Dental Clinic Ltd","902-562-1600","1148 Kings Road , Sydney , NS B1S 1C9","www.9025621600.yp.ca",,clinic
"Kingston Medical Clinic","902-765-2762","NS ","www.9027652762.yp.ca",,clinic
"Kingston Medical Clinic","902-765-4044","523 Main , Kingston , NS B0P 1R0","www.9027654044.yp.ca",,clinic
"Kingston Medical Clinic","902-765-3304","523 Main , Kingston , NS B0P 1R0","www.9027653304.yp.ca",,clinic
"Kingsway Gardens Retirement Residence","1-877-898-2122","Windsor Toll Free ","www.kingswaygardens.ns.ca",,clinic
"Kingsway Gardens Retirement Residence","902-798-5075","Windsor , NS B3K 5L2","www.kingswaygardens.ns.ca",,clinic
"Kinley Drug Co Ltd","902-634-4437","264 Lincoln , Lunenburg , NS B0J 2C0","www.9026344437.yp.ca",,clinic
"Kobaisy Dental Clinic","1-866-535-2887","","www.8665352887.yp.ca",,clinic
"Kootenay Hearing Aid & Audiology Clinic","1-800-667-3775","","www.8006673775.yp.ca",,clinic
"Kootenay Hearing Aid & Audiology Clinic","1-888-467-4496","","www.8884674496.yp.ca",,clinic
"Koster Denture Clinic","1-800-458-6933","","www.8004586933.yp.ca",,clinic
"Lacewood Physiotherapy Clinic Ltd","902-445-8110","255 Lacewood Drive , Halifax , NS B3M 4G2","www.9024458110.yp.ca",,clinic
"LaHave Denture Clinics Limited","902-875-2272","157 Water , Shelburne , NS B0T 1W0","www.9028752272.yp.ca",,clinic
"LaHave Denture Clinics Limited","902-543-5111","129 Aberdeen Road , Bridgewater , NS B4V 2S7","www.9025435111.yp.ca",,clinic
"LaHave St Auto Clinic","902-530-3257","141 Lahave Street , Bridgewater , NS B4V 2T6","www.9025303257.yp.ca",,clinic
"LaHave St Auto Clinic","902-543-4182","Bridgewater , NS B4V 2T6","www.9025434182.yp.ca",,clinic
"Lake Loon Golf Centre","902-434-6600","Dartmouth , Halifax , NS B2W 6E6","www.9024346600.yp.ca",,clinic
"Landings Surgical Centre The","902-492-2007","7A-1477 Lower Water Street , Halifax , NS B3J 3Z4","www.9024922007.yp.ca",,clinic
"Laserium Cos-Medic Laser Hair Removal Clinic Inc","1-866-415-2737","","www.8664152737.yp.ca",,clinic
"LASIK MD","1-866-366-2020","","www.lasikmd.com",,clinic
"LASIK MD","1-866-366-2020","","www.lasikmd.com",,clinic
"Laurie Springhill Denture Clinic","902-597-3076","16 Mechanic , Springhill , NS B0M 1X0","www.9025973076.yp.ca",,clinic
"Lawtons Drugs","902-539-1408","540 George Street , Sydney , NS B1P 1K7","www.9025391408.yp.ca",,clinic
"L-C Acupuncture & Naturopathy Clinics","902-492-8839","6066 Quinpool Road , Halifax , NS B3L 1A1","www.9024928839.yp.ca",,clinic
"LCI Lasercom Clinics International","1-800-217-6789","","www.8002176789.yp.ca",,clinic
"LCI Lasercom Clinics International","1-877-467-6668","","www.8774676668.yp.ca",,clinic
"Legge Health Clinic","902-843-7475","692 Prince Street , Truro , NS B2N 1G6","www.9028437475.yp.ca",,clinic
"Levin Denture Clinic","902-445-5948","3580 Dutch Village Road , Halifax , NS B3N 2S2","www.9024455948.yp.ca",,clinic
"LifeMark Travel Health","902-420-4862","5991 Spring Garden Road , Halifax , NS B3H 1Y6","www.9024204862.yp.ca",,clinic
"Linda's Skincare Clinic","902-539-9805","500 Kings Rd , Sydney , NS B1S 1A8","www.9025399805.yp.ca",,clinic
"Lindsay's Health Centre for Women","902-863-6221","","www.9028636221.yp.ca",,clinic
"Lisa Brown's Physiotherapy","902-539-6400","1489 George Street , Sydney , NS B1P 1P2","www.9025396400.yp.ca",,clinic
"Liverpool Chiropractic & Massage Therapy","902-354-3644","22 Market , Liverpool , NS B0T 1K0","www.9023543644.yp.ca",,clinic
"Lloys Denture Clinic","902-849-1496","141 Commercial Street , Glace Bay , NS B1A 3B9","www.9028491496.yp.ca",,clinic
"Lockview Medical","902-576-3332","1470 Fall River Road , Fall River , NS B2T 1J1","www.9025763332.yp.ca",,clinic
"Louisbourg Medical Clinic","902-733-3111","Main , Louisbourg , NS B0A 1M0","www.9027333111.yp.ca",,clinic
"Lovitt-Stone Denture Clinic","902-434-1477","50 Tacoma Drive , Dartmouth , NS B2W 3E6","www.9024341477.yp.ca",,clinic
"Luftek Natural Hair Clinics","1-888-696-4247","","www.8886964247.yp.ca",,clinic
"Lundrigan Blood Collection Service","902-441-3910","NS ","www.9024413910.yp.ca",,clinic
"MacDonald Denture Clinic","902-794-4242","41 King Street , North Sydney , NS B2A 2S7","www.9027944242.yp.ca",,clinic
"MacDonald's Denture Clinic","902-295-2516","High , Baddeck , NS B1V 2L2","www.9022952516.yp.ca",,clinic
"MacDonald's Denture Clinic","902-736-2280","42 Fraser Avenue , Sydney Mines , NS B1V 2C1","www.9027362280.yp.ca",,clinic
"MacDonald Stuart Dr Dental Clinic","902-295-1313","24 Twining , Baddeck , NS B0E 1B0","www.9022951313.yp.ca",,clinic
"MacIntosh Denture Clinic","902-752-1200","277 Glasgow , New Glasgow , NS B2H 5C2","www.9027521200.yp.ca",,clinic
"MacLeod's Denture Clinic","902-562-7919","428 George Street , Sydney , NS B1P 1K3","www.9025627919.yp.ca",,clinic
"Mahone Bay Veterinary Clinic","902-624-9736","Mahone Bay , NS B4V 1S2","www.9026249736.yp.ca",,clinic
"Mainland Denture Clinic","902-843-4187","187 Queen Street , Truro , NS B2N 2B4","www.9028434187.yp.ca",,clinic
"Margaree Area Development","902-248-2195","7972 Cabot Trail , Margaree Forks , NS ","www.9022482195.yp.ca",,clinic
"Maritime Chiropractic Clinic","902-492-2102","1505 Barrington Street , Halifax , NS B3J 3K5","www.9024922102.yp.ca",,clinic
"Maritime Clinic of Natural Healing","902-645-3357","8540 Hwy 1 , Yarmouth , NS B5A 4P4","www.9026453357.yp.ca",,clinic
"Maritime Foothold Orthotics","902-434-3668","Halifax , NS B2X 3M5","www.9024343668.yp.ca",,clinic
"Maritime Physiotherapy","902-463-6083","Dartmouth Sportsplex , Dartmouth , NS B3A 1M2","www.9024636083.yp.ca",,clinic
"Mason Denture Clinic Ltd","902-457-3232","3653 Dutch Village Road , Halifax , NS B3N 2T1","www.9024573232.yp.ca",,clinic
"Mason Denture Clinic Sackville Ltd","902-864-4400","668 Sackville Dr , Sackville , NS ","www.9028644400.yp.ca",,clinic
"Mayo Clinic","1-888-441-2133","","www.8884412133.yp.ca",,clinic
"McIntyre Physiotherapy","902-755-5547","565 Stellarton Road , New Glasgow , NS B2H 1M7","www.9027555547.yp.ca",,clinic
"Medical Clinic","902-889-2650","Musquodoboit Harbour , NS B0J 2L0","www.9028892650.yp.ca",,clinic
"Medical Clinics - East Central Health","1-888-608-1516","","www.8886081516.yp.ca",,clinic
"Medical Pro Healthcare","902-229-7767","NS ","www.9022297767.yp.ca",,clinic
"Medicine in Motion Family Physiotherapy & Sports Medicine Centre","902-468-2774","121 Ilsley Avenue , Dartmouth , NS B3B 1S4","www.9024682774.yp.ca",,clinic
"Mediplex","902-735-4000","NS ","www.9027354000.yp.ca",,clinic
"Meilun Denture Clinic","1-888-374-1169","","www.8883741169.yp.ca",,clinic
"Mental Health Clinic","902-849-4413","Glace Bay , NS B1P 6H4","www.9028494413.yp.ca",,clinic
"Mental Health Clinic","902-794-8551","Shore Rd , North Sydney , NS B2A 3M4","www.mentalhealth.com",,clinic
"Mental Health Services","473-6288","","www.4736288.yp.ca",,clinic
"Mental Health Services","473-2585","","www.4732585.yp.ca",,clinic
"Metro Blood Collections","902-441-0075","NS ","www.9024410075.yp.ca",,clinic
"Mic Mac Eye Clinic","902-464-0600","Mic Mac Mall , Halifax , NS ","www.9024640600.yp.ca",,clinic
"Middleton Medical Clinic and Collabroative Practice","902-825-6441","NS ","www.9028256441.yp.ca",,clinic
"Middleton Medical Clinic and Collabroative Practice","902-825-2101","NS ","www.9028252101.yp.ca",,clinic
"Mike Burke Auto Clinic","902-465-3303","294 Windmill Road , Dartmouth , NS B3A 1H1","www.9024653303.yp.ca",,clinic
"Millbrook Health Centre","902-895-9468","812 Willow Street , Truro , NS B2N 6N7","www.9028959468.yp.ca",,clinic
"Miller's Auto Clinic","902-542-0645","Greenwich , Wolfville , NS B4P 2R2","www.9025420645.yp.ca",,clinic
"Mollon Chiropractic","902-567-1221","1154 Kings Road , Sydney , NS B1S 1C9","www.9025671221.yp.ca",,clinic
"Montebello Medical","902-406-4447","NS ","www.9024064447.yp.ca",,clinic
"Montebello Medical","902-406-4444","249 Waverley Road , Dartmouth , NS B2X 2C5","www.9024064444.yp.ca",,clinic
"Mother Nature's Natural Therapy Clinic","902-832-1958","143 Rockmanor Drive , Bedford , NS B4A 2Y9","www.9028321958.yp.ca",,clinic
"M R I Clinic","902-443-9922","255 Lacewood Drive , Halifax , NS B3M 4G2","www.9024439922.yp.ca",,clinic
"Mulgrave Medical Centre","902-747-2211","403 Murray , Mulgrave , NS ","www.9027472211.yp.ca",,clinic
"Natural Care Clinic for Pets","902-275-3553","Chester Basin , Chester , NS B0J 1K0","www.9022753553.yp.ca",,clinic
"Naturally Beautiful Body & Facial Enhancements","902-252-3395","405 Sackville Drive , Lower Sackville , NS B4C 2R9","www.9022523395.yp.ca",,clinic
"Natural Wellness Clinic","1-800-398-4883","","www.8003984883.yp.ca",,clinic
"New Germany Primary Health Care Clinic","902-644-2361","100 Varner Rd , New Germany , NS ","www.9026442361.yp.ca",,clinic
"New Glasgow Essential Elements Massage Clinic","902-695-3336","263 Jury Street , New Glasgow , NS B2H 4R4","www.9026953336.yp.ca",,clinic
"New Glasgow Veterinary Clinic","902-752-4277","319 Stellarton Road , New Glasgow , NS B2H 1M4","www.9027524277.yp.ca",,clinic
"New Waterford Dental Clinic","902-862-2825","411 Tenth Street , New Waterford , NS B1H 4R6","www.9028622825.yp.ca",,clinic
"Northumberland College Teaching Clinic","902-425-2869","1888 Brunswick , Halifax , NS B3J 3J8","www.9024252869.yp.ca",,clinic
"Nova Denture Clinic","902-661-0953","104 Church Street , Amherst , NS B4H 3B4","www.9026610953.yp.ca",,clinic
"Novaread Clinic","902-425-7323","223-1394 Bedford Highway , Bedford , NS B4A 1E2","www.9024257323.yp.ca",,clinic
"Novaread Clinic","902-425-3372","NS ","www.9024253372.yp.ca",,clinic
"Nova Scotia Environmental Health Centre","902-860-0057","Fall River , Waverley , NS B2T 1K6","www.9028600057.yp.ca",,clinic
"Nova Scotia Hearing And Speech Clinic","902-752-4507","Aberdeen Professional Centre , New Glasgow , NS B3H 1R2","www.9027524507.yp.ca",,clinic
"Nova Veterinary Clinic","902-354-4531","Milton , Liverpool , NS B4V 2W3","www.9023544531.yp.ca",,clinic
"Nova Veterinary Clinic Ltd","902-543-7255","Hebbs Cross , Bridgewater , NS B4V 2Z7","www.9025437255.yp.ca",,clinic
"NS Breast Screening Clinic","1-800-565-0548","(Halifax Shopping Centre) ","www.8005650548.yp.ca",,clinic
"NS Breast Screening Clinic (Halifax Shopping Centre)","1-800-565-0548","","www.8005650548.yp.ca",,clinic
"Ocean View Family Practice","902-742-4365","60 Vancouver Street , Yarmouth , NS B5A 2P5","www.9027424365.yp.ca",,clinic
"Olympic Shoe Clinic","902-564-8112","420 Prince Street , Sydney , NS B1P 5K9","www.9025648112.yp.ca",,clinic
"Optometrists Clinic Inc","1-800-661-9976","","www.8006619976.yp.ca",,clinic
"Ortho-Clinical Diagnostics","902-860-0294","21 Lincolnshire Dr , Waverley , NS B2T 1E7","www.9028600294.yp.ca",,clinic
"Orthopaedic & Sport Medicine Clinic Of Nova Scotia","902-421-7512","5595 Fenwick Street , Halifax , NS B3H 1R1","www.9024217512.yp.ca",,clinic
"Oshio College","902-832-0688","1306 Bedford Hwy , Halifax , NS ","www.acupuncture-ns.com",,clinic
"Otarion Hearing Aid Centre Ltd","902-539-5881","173 Esplanade Street , Sydney , NS B1P 1A5","www.otarion.ca",,clinic
"Otarion Hearing Aid Centre Ltd","1-800-565-5881","Sydney ","www.otarion.ca",,clinic
"Otarion Hearing Aid Centre Ltd","902-539-5881","173 Esplanade Street , Sydney , NS B1P 1A5","www.otarion.ca",,clinic
"Otarion Hearing Aid Centre Ltd","1-800-565-5881","Sydney ","www.otarion.ca",,clinic
"Oyen Optometry Clinic","1-866-664-3300","","www.8666643300.yp.ca",,clinic
"Parkland Medical Clinic","902-404-7737","998 Parkland Drive , Halifax , NS B3M 0A6","www.9024047737.yp.ca",,clinic
"Park Victoria Massage Therapy Clinic","902-429-5595","1333 South Park , Halifax , NS B3J 2K9","www.9024295595.yp.ca",,clinic
"Park West Medical Clinic","902-457-4499","287 Lacewood Drive , Halifax , NS B3M 3Y7","www.9024574499.yp.ca",,clinic
"Park West Physiotherapy and Sports Injury Clinic","902-445-5515","998 Parkland Drive , Halifax , NS B3M 0A6","www.parkwestphysio.com",,clinic
"Park West Physiotherapy and Sports Injury Clinic","902-445-5515","998 Parkland Drive , Halifax , NS B3M 0A6","www.parkwestphysio.com",,clinic
"Peter's Auto Clinic","902-681-0068","5352 Prospect Road , New Minas , NS B4N 4K1","www.9026810068.yp.ca",,clinic
"Pharmasave","902-742-7825","333 Main Street , Yarmouth , NS B5A 1E5","www.9027427825.yp.ca",,clinic
"Physioclinic The","902-453-2627","2632 Windsor Street , Halifax , NS B3K 5C8","www.9024532627.yp.ca",,clinic
"Pier Medical Clinic","902-564-8361","788 Victoria Road , Sydney , NS B1N 1J7","www.9025648361.yp.ca",,clinic
"Pillars of Health","902-444-3303","101-10 Portland Street , Dartmouth , NS B2Y 1G9","www.9024443303.yp.ca",,clinic
"Porters Lake Dental Clinic","902-827-4746","Porters Lake , Chezzetcook , NS B0J 2S0","www.9028274746.yp.ca",,clinic
"Portland Medical Clinic","902-406-3434","45 Alderney Drive , Dartmouth , NS B2Y 2N6","www.9024063434.yp.ca",,clinic
"Pressure Points Massage Therapy Clinic","902-928-0063","393 Nelson Street , New Glasgow , NS B2H 3B9","www.9029280063.yp.ca",,clinic
"PROVINCIAL&DISTRICT PROGRAMS","481-5900","201 Brownlow Ave ","www.4815900.yp.ca",,clinic
"PT Health & Wellness Centre","902-429-6218","5743 University Avenue , Halifax , NS B3H 0A2","www.pthealth.ca",,clinic
"Public Gardens Medical Clinic","902-425-5440","200-5675 Spring Garden Road , Halifax , NS B3J 1H1","www.9024255440.yp.ca",,clinic
"QEII Clinic","902-473-7072","Halifax , NS B3H 2Y9","www.9024737072.yp.ca",,clinic
"Quality Denture Clinic","902-794-9759","224 Commercial Street , North Sydney , NS B2A 1B7","www.9027949759.yp.ca",,clinic
"QUEEN ELIZABETH II HEALTH SCIENCES CENTRE (QEII)","1-800-565-0548","(Hfx Shp Ctr) ","www.8005650548.yp.ca",,clinic
"QUEEN ELIZABETH II HEALTH SCIENCES CENTRE (QEII)","473-4166","","www.4734166.yp.ca",,clinic
"QUEEN ELIZABETH II HEALTH SCIENCES CENTRE (QEII)","473-7726","","www.4737726.yp.ca",,clinic
"QUEEN ELIZABETH II HEALTH SCIENCES CENTRE (QEII)","473-6091","","www.4736091.yp.ca",,clinic
"QUEEN ELIZABETH II HEALTH SCIENCES CENTRE (QEII)","473-4160","","www.4734160.yp.ca",,clinic
"QUEEN ELIZABETH II HEALTH SCIENCES CENTRE (QEII)","473-4194","","www.4734194.yp.ca",,clinic
"QUEEN ELIZABETH II HEALTH SCIENCES CENTRE (QEII)","473-4161","","www.4734161.yp.ca",,clinic
"QUEEN ELIZABETH II HEALTH SCIENCES CENTRE (QEII)","473-7072","","www.4737072.yp.ca",,clinic
"QUEEN ELIZABETH II HEALTH SCIENCES CENTRE (QEII)","473-4190","","www.4734190.yp.ca",,clinic
"QUEEN ELIZABETH II HEALTH SCIENCES CENTRE (QEII)","473-6526","","www.4736526.yp.ca",,clinic
"QUEEN ELIZABETH II HEALTH SCIENCES CENTRE (QEII)","473-3120","","www.4733120.yp.ca",,clinic
"QUEEN ELIZABETH II HEALTH SCIENCES CENTRE (QEII)","473-6038","","www.4736038.yp.ca",,clinic
"QUEEN ELIZABETH II HEALTH SCIENCES CENTRE (QEII)","473-6288","","www.4736288.yp.ca",,clinic
"QUEEN ELIZABETH II HEALTH SCIENCES CENTRE (QEII)","473-4298","","www.4734298.yp.ca",,clinic
"QUEEN ELIZABETH II HEALTH SCIENCES CENTRE (QEII)","473-3960","(Hfx Shp Ctr) ","www.4733960.yp.ca",,clinic
"QUEEN ELIZABETH II HEALTH SCIENCES CENTRE (QEII)","473-2873","","www.4732873.yp.ca",,clinic
"QUEEN ELIZABETH II HEALTH SCIENCES CENTRE (QEII)","473-5656","","www.4735656.yp.ca",,clinic
"QUEEN ELIZABETH II HEALTH SCIENCES CENTRE (QEII)","473-7157","","www.4737157.yp.ca",,clinic
"QUEEN ELIZABETH II HEALTH SCIENCES CENTRE (QEII)","473-1232","","www.4731232.yp.ca",,clinic
"QUEEN ELIZABETH II HEALTH SCIENCES CENTRE (QEII)","473-8531","","www.4738531.yp.ca",,clinic
"QUEEN ELIZABETH II HEALTH SCIENCES CENTRE (QEII)","473-4398","","www.4734398.yp.ca",,clinic
"QUEEN ELIZABETH II HEALTH SCIENCES CENTRE (QEII)","473-3896","","www.4733896.yp.ca",,clinic
"QUEEN ELIZABETH II HEALTH SCIENCES CENTRE (QEII)","473-4051","","www.4734051.yp.ca",,clinic
"QUEEN ELIZABETH II HEALTH SCIENCES CENTRE (QEII)","473-4147","","www.4734147.yp.ca",,clinic
"QUEEN ELIZABETH II HEALTH SCIENCES CENTRE (QEII)","473-6450","","www.4736450.yp.ca",,clinic
"QUEEN ELIZABETH II HEALTH SCIENCES CENTRE (QEII)","473-3723","","www.4733723.yp.ca",,clinic
"QUEEN ELIZABETH II HEALTH SCIENCES CENTRE (QEII)","473-4145","","www.4734145.yp.ca",,clinic
"QUEEN ELIZABETH II HEALTH SCIENCES CENTRE (QEII)","473-4135","","www.4734135.yp.ca",,clinic
"QUEEN ELIZABETH II HEALTH SCIENCES CENTRE (QEII)","473-4180","","www.4734180.yp.ca",,clinic
"QUEEN ELIZABETH II HEALTH SCIENCES CENTRE (QEII)","473-6605","","www.4736605.yp.ca",,clinic
"QUEEN ELIZABETH II HEALTH SCIENCES CENTRE (QEII)","473-3910","","www.4733910.yp.ca",,clinic
"QUEEN ELIZABETH II HEALTH SCIENCES CENTRE (QEII)","473-4322","","www.4734322.yp.ca",,clinic
"QUEEN ELIZABETH II HEALTH SCIENCES CENTRE (QEII)","473-6592","","www.4736592.yp.ca",,clinic
"QUEEN ELIZABETH II HEALTH SCIENCES CENTRE (QEII)","473-6411","","www.4736411.yp.ca",,clinic
"QUEEN ELIZABETH II HEALTH SCIENCES CENTRE (QEII)","473-8346","","www.4738346.yp.ca",,clinic
"QUEEN ELIZABETH II HEALTH SCIENCES CENTRE (QEII)","473-2070","","www.4732070.yp.ca",,clinic
"QUEEN ELIZABETH II HEALTH SCIENCES CENTRE (QEII)","473-4130","","www.4734130.yp.ca",,clinic
"QUEEN ELIZABETH II HEALTH SCIENCES CENTRE (QEII)","473-7449","","www.4737449.yp.ca",,clinic
"QUEEN ELIZABETH II HEALTH SCIENCES CENTRE (QEII)","473-5471","","www.4735471.yp.ca",,clinic
"QUEEN ELIZABETH II HEALTH SCIENCES CENTRE (QEII)","473-3119","","www.4733119.yp.ca",,clinic
"QUEEN ELIZABETH II HEALTH SCIENCES CENTRE (QEII)","473-2192","","www.4732192.yp.ca",,clinic
"QUEEN ELIZABETH II HEALTH SCIENCES CENTRE (QEII)","473-2272","","www.4732272.yp.ca",,clinic
"QUEEN ELIZABETH II HEALTH SCIENCES CENTRE (QEII)","473-4185","","www.4734185.yp.ca",,clinic
"QUEEN ELIZABETH II HEALTH SCIENCES CENTRE (QEII)","473-6000","","www.4736000.yp.ca",,clinic
"QUEEN ELIZABETH II HEALTH SCIENCES CENTRE (QEII)","473-4326","","www.4734326.yp.ca",,clinic
"QUEEN ELIZABETH II HEALTH SCIENCES CENTRE (QEII)","473-2331","","www.4732331.yp.ca",,clinic
"QUEEN ELIZABETH II HEALTH SCIENCES CENTRE (QEII)","473-1393","","www.4731393.yp.ca",,clinic
"QUEEN ELIZABETH II HEALTH SCIENCES CENTRE (QEII)","473-6537","","www.4736537.yp.ca",,clinic
"QUEEN ELIZABETH II HEALTH SCIENCES CENTRE (QEII)","473-7824","","www.4737824.yp.ca",,clinic
"QUEEN ELIZABETH II HEALTH SCIENCES CENTRE (QEII)","473-4349","","www.4734349.yp.ca",,clinic
"QUEEN ELIZABETH II HEALTH SCIENCES CENTRE (QEII)","473-3113","","www.4733113.yp.ca",,clinic
"QUEEN ELIZABETH II HEALTH SCIENCES CENTRE (QEII)","473-5427","","www.4735427.yp.ca",,clinic
"QUEEN ELIZABETH II HEALTH SCIENCES CENTRE (QEII)","473-7301","","www.4737301.yp.ca",,clinic
"QUEEN ELIZABETH II HEALTH SCIENCES CENTRE (QEII)","473-3355","","www.4733355.yp.ca",,clinic
"QUEEN ELIZABETH II HEALTH SCIENCES CENTRE (QEII)","473-3193","","www.4733193.yp.ca",,clinic
"QUEEN ELIZABETH II HEALTH SCIENCES CENTRE (QEII)","473-3846","","www.4733846.yp.ca",,clinic
"QUEEN ELIZABETH II HEALTH SCIENCES CENTRE (QEII)","473-3744","","www.4733744.yp.ca",,clinic
"QUEEN ELIZABETH II HEALTH SCIENCES CENTRE (QEII)","473-3722","","www.4733722.yp.ca",,clinic
"QUEEN ELIZABETH II HEALTH SCIENCES CENTRE (QEII)","473-7503","","www.4737503.yp.ca",,clinic
"QUEEN ELIZABETH II HEALTH SCIENCES CENTRE (QEII)","473-3226","","www.4733226.yp.ca",,clinic
"QUEEN ELIZABETH II HEALTH SCIENCES CENTRE (QEII)","473-4140","","www.4734140.yp.ca",,clinic
"QUEEN ELIZABETH II HEALTH SCIENCES CENTRE (QEII)","473-7183","","www.4737183.yp.ca",,clinic
"QUEEN ELIZABETH II HEALTH SCIENCES CENTRE (QEII)","473-1635","","www.4731635.yp.ca",,clinic
"QUEEN ELIZABETH II HEALTH SCIENCES CENTRE (QEII)","473-5492","","www.4735492.yp.ca",,clinic
"QUEEN ELIZABETH II HEALTH SCIENCES CENTRE (QEII)","473-4952","","www.4734952.yp.ca",,clinic
"QUEEN ELIZABETH II HEALTH SCIENCES CENTRE (QEII)","473-8712","","www.4738712.yp.ca",,clinic
"QUEEN ELIZABETH II HEALTH SCIENCES CENTRE (QEII)","473-3730","","www.4733730.yp.ca",,clinic
"QUEEN ELIZABETH II HEALTH SCIENCES CENTRE (QEII)","473-1072","","www.4731072.yp.ca",,clinic
"QUEEN ELIZABETH II HEALTH SCIENCES CENTRE (QEII)","473-4799","","www.4734799.yp.ca",,clinic
"QUEEN ELIZABETH II HEALTH SCIENCES CENTRE (QEII)","473-6402","","www.4736402.yp.ca",,clinic
"QUEEN ELIZABETH II HEALTH SCIENCES CENTRE (QEII)","473-6364","","www.4736364.yp.ca",,clinic
"QUEEN ELIZABETH II HEALTH SCIENCES CENTRE (QEII)","473-4267","","www.4734267.yp.ca",,clinic
"QUEEN ELIZABETH II HEALTH SCIENCES CENTRE (QEII)","473-7854","","www.4737854.yp.ca",,clinic
"QUEEN ELIZABETH II HEALTH SCIENCES CENTRE (QEII)","473-4221","","www.4734221.yp.ca",,clinic
"QUEEN ELIZABETH II HEALTH SCIENCES CENTRE (QEII)","473-4645","","www.4734645.yp.ca",,clinic
"QUEEN ELIZABETH II HEALTH SCIENCES CENTRE (QEII)","473-1367","","www.4731367.yp.ca",,clinic
"QUEEN ELIZABETH II HEALTH SCIENCES CENTRE (QEII)","473-1404","","www.4731404.yp.ca",,clinic
"QUEEN ELIZABETH II HEALTH SCIENCES CENTRE (QEII)","473-4919","","www.4734919.yp.ca",,clinic
"QUEEN ELIZABETH II HEALTH SCIENCES CENTRE (QEII)","473-5526","","www.4735526.yp.ca",,clinic
"QUEEN ELIZABETH II HEALTH SCIENCES CENTRE (QEII)","473-7906","","www.4737906.yp.ca",,clinic
"QUEEN ELIZABETH II HEALTH SCIENCES CENTRE (QEII)","473-2585","","www.4732585.yp.ca",,clinic
"QUEEN ELIZABETH II HEALTH SCIENCES CENTRE (QEII)","","5790 University Avenue ",,,clinic
"QUEEN ELIZABETH II HEALTH SCIENCES CENTRE (QEII)","473-6008","","www.4736008.yp.ca",,clinic
"QUEEN ELIZABETH II HEALTH SCIENCES CENTRE (QEII)","473-6059","","www.4736059.yp.ca",,clinic
"QUEEN ELIZABETH II HEALTH SCIENCES CENTRE (QEII)","473-3972","","www.4733972.yp.ca",,clinic
"QUEEN ELIZABETH II HEALTH SCIENCES CENTRE (QEII)","473-6067","","www.4736067.yp.ca",,clinic
"QUEEN ELIZABETH II HEALTH SCIENCES CENTRE (QEII)","473-5140","","www.4735140.yp.ca",,clinic
"QUEEN ELIZABETH II HEALTH SCIENCES CENTRE (QEII)","473-6088","","www.4736088.yp.ca",,clinic
"QUEEN ELIZABETH II HEALTH SCIENCES CENTRE (QEII)","473-4350","","www.4734350.yp.ca",,clinic
"QUEEN ELIZABETH II HEALTH SCIENCES CENTRE (QEII)","473-6865","","www.4736865.yp.ca",,clinic
"Rana Sleep Apnea Clinic","1-888-297-7889","","www.8882977889.yp.ca",,clinic
"Redwater Dental Clinic","1-888-373-2836","","www.8883732836.yp.ca",,clinic
"Refresh Body And Skin Care Clinic","902-562-8409","926 George Street , Sydney , NS B1P 1M3","www.refreshbody.ca",,clinic
"Regional Chiropractic","902-539-6400","1489 George Street , Sydney , NS B1P 1P2","www.9025396400.yp.ca",,clinic
"Renew Massage Therapy Clinic","902-752-4707","462 South Frederick Street , New Glasgow , NS B2H 3P2","www.9027524707.yp.ca",,clinic
"Renew Massage Therapy Clinic Irons-Hill Naomi","902-752-4707","462 South Frederick Street , New Glasgow , NS B2H 3P2","www.9027524707.yp.ca",,clinic
"Robie at Spring Garden Chiropractic Clinic","902-422-3279","5991 Spring Garden Road , Halifax , NS B3H 1Y6","www.robieatspringgardenchiropractic.com",,clinic
"Robie at Spring Garden Chiropractic Clinic","902-422-3279","5991 Spring Garden Road , Halifax , NS B3H 1Y6","www.robieatspringgardenchiropractic.com",,clinic
"Rod Lynk's Auto Clinic","902-897-4361","186 Pictou Road , Truro , NS B2N 2T1","www.9028974361.yp.ca",,clinic
"Root Cause Health & Wellness Clinic","902-735-3995","41-133 Church Street , Antigonish , NS B2G 2E3","www.9027353995.yp.ca",,clinic
"Ryan's Denture Clinic","1-800-759-3351","","www.8007593351.yp.ca",,clinic
"Ryan's Denture Clinic","1-800-887-2458","","www.8008872458.yp.ca",,clinic
"Sackville Chiropractic Clinic","902-865-6593","179 Sackville Drive , Lower Sackville , NS B4C 2R5","www.9028656593.yp.ca",,clinic
"Sackville Medical Clinic","902-865-9951","NS ","www.9028659951.yp.ca",,clinic
"Sackville Medical Clinic","902-865-9951","NS ","www.9028659951.yp.ca",,clinic
"Sackville Medical Clinic","902-865-9951","NS ","www.9028659951.yp.ca",,clinic
"Sackville Medical Clinic","902-865-9951","NS ","www.9028659951.yp.ca",,clinic
"Sackville Medical Clinic","902-865-9951","520 Sackville Drive , Lower Sackville , NS B4C 2R8","www.9028659951.yp.ca",,clinic
"Sackville Piercing Clinic And Island Rose Tattoo","902-864-6800","225 Cobequid Road , Lower Sackville , NS B4C 3J7","www.islandrosetattoo.com",,clinic
"Sage Elements Naturopathic Clinic","902-406-0100","1100-5991 Spring Garden Road , Halifax , NS B3H 1Y6","www.9024060100.yp.ca",,clinic
"Scotia Blood Collection","902-499-0722","Halifax , NS ","www.9024990722.yp.ca",,clinic
"Scotia Surgery Inc","902-405-3174","18 Acadia , Halifax , NS B2Y 4S1","www.9024053174.yp.ca",,clinic
"Shelburne Chiropractic Clinic","902-875-1472","125 Water , Shelburne , NS B0T 1W0","www.9028751472.yp.ca",,clinic
"Shiretown Dental Inc","902-485-4445","317 Faulkland , Pictou , NS B0K 1H0","www.9024854445.yp.ca",,clinic
"Shiretown Denture Clinic","902-485-1997","223 Welsford , Pictou , NS B0K 1H0","www.9024851997.yp.ca",,clinic
"Simms Denture Clinic","902-755-3433","166 Provost Street , New Glasgow , NS B2H 2R1","www.9027553433.yp.ca",,clinic
"Sinclair Denture Clinic","902-829-3964","49 Bell Street , Lake Echo , NS B3E 1N3","www.9028293964.yp.ca",,clinic
"Slainte Gu Soirraidh Massage Therapy","902-537-0539","166 Vulcan Avenue , Sydney , NS B1P 5W7","www.9025370539.yp.ca",,clinic
"Soma The Vein Treatment Centre","902-835-2266","204-1475 Bedford Hwy , Halifax , NS ","www.somaveinclinic.ca",,clinic
"Somba K'e Dental Clinic","1-866-898-2027","","www.8668982027.yp.ca",,clinic
"Sound Hearing Clinic Inc","1-800-390-2322","","www.8003902322.yp.ca",,clinic
"South End Physiotherapy Clinic Ltd","902-423-1234","5595 Fenwick , Halifax , NS B3H 4M2","www.southendphysiotherapy.ca",,clinic
"South Shore Veterinary Hospital","902-543-5602","Bridgewater , NS B4V 2W4","www.9025435602.yp.ca",,clinic
"SPAR Medical Hair & Vein Clinic","902-446-4354","189 Fisher Drive , Hammonds Plains , NS B4B 1W9","www.9024464354.yp.ca",,clinic
"Spryfield Denture Clinic","902-479-2453","15 Shoreham Lane , Halifax , NS B3P 2R3","www.9024792453.yp.ca",,clinic
"Spryfield Family Medicine Clinic","902-479-0025","315 Herring Cove Road , Halifax , NS B3R 1V5","www.9024790025.yp.ca",,clinic
"Squamish Optometry Clinic","1-888-393-4897","","www.8883934897.yp.ca",,clinic
"Squamish Optometry Clinic","1-888-393-4897","","www.8883934897.yp.ca",,clinic
"Stanish W D Dr","902-421-7512","NS ","www.9024217512.yp.ca",,clinic
"St Anne Community & Nursing Care Centre","902-226-2826","Arichat , NS B0E 1A0","www.9022262826.yp.ca",,clinic
"St Anne Community & Nursing Care Centre","902-587-2027","L'Ardoise , NS ","www.9025872027.yp.ca",,clinic
"Steeples Veterinary Clinic","1-800-234-4331","","www.8002344331.yp.ca",,clinic
"Stellarton Dental Clinic","902-752-0044","Stellarton Professional Centre , New Glasgow , NS B2H 5W1","www.9027520044.yp.ca",,clinic
"Stillpoint Naturopathic Clinic","902-425-0542","308-5880 Spring Garden Road , Halifax , NS B3H 1Y1","www.9024250542.yp.ca",,clinic
"S-T/L-C Natural Medicine & Acupuncture Clinics","902-492-1818","6066 Quinpool Road , Halifax , NS B3L 1A1","www.9024921818.yp.ca",,clinic
"S-T/L-C Natural Medicine & Acupuncture Clinics Naturopathy Clinics","902-492-8839","6066 Quinpool Road , Halifax , NS B3L 1A1","www.acupuncture-ns.com",,clinic
"St Mary's Medical Clinic","902-522-2275","Sherbrooke , NS B0J 3C0","www.9025222275.yp.ca",,clinic
"S-T Natural Medicine Ctr & L-C Acupuncture & Naturopathy Clinics","902-832-0688","1306 Bedford Hwy NS ","www.acupuncture-ns.com",,clinic
"Strait Area Community Wellness Centre","902-625-3707","402 Granville Street , Port Hawkesbury , NS B9A 2M7","www.9026253707.yp.ca",,clinic
"Strait Area Physiotherapy","902-863-5559","40 Church Street , Antigonish , NS B2G 2C7","www.9028635559.yp.ca",,clinic
"Strait Area Physiotherapy","902-863-5979","NS ","www.9028635979.yp.ca",,clinic
"Strait Area Physiotherapy","902-625-2600","636 Church , Port Hawkesbury , NS B0E 2V0","www.9026252600.yp.ca",,clinic
"Strait Veterinary Hospital","902-625-5757","714 Reeves Street , Port Hawkesbury , NS B9A 2S1","www.9026255757.yp.ca",,clinic
"Stressolutions Massage Therapy Clinic","902-893-4278","20 Arlington Place , Truro , NS B2N 3T7","www.9028934278.yp.ca",,clinic
"Strong Chiropractic","902-862-9444","793 Mahon Street , New Waterford , NS B1H 3K8","www.9028629444.yp.ca",,clinic
"Sunflower Natural Foods","902-863-1194","194 Main Street , Antigonish , NS B2G 2B9","www.9028631194.yp.ca",,clinic
"Sydney Denture Clinic","902-564-6811","199 Esplanade Street , Sydney , NS B1P 1A6","www.9025646811.yp.ca",,clinic
"Sydney Physiotherapy","902-564-1155","336 Kings Rd , Sydney , NS B1S 1A9","www.9025641155.yp.ca",,clinic
"Taylor's Denture Clinic","902-564-9111","92 Charlotte Street , Sydney , NS B1P 1B9","www.9025649111.yp.ca",,clinic
"Terry Kemp RMT Decongestive Therapy","902-448-0940","Halifax/Dartmouth , Dartmouth , NS B3A 1N9","www.mldclinic.ca",,clinic
"Tharp G Robert Dr","902-421-7501","26 Edward Laurie Drive , Halifax , NS B3M 2C7","www.9024217501.yp.ca",,clinic
"The Links At Montague Academy","902-433-3332","Dartmouth , Halifax , NS B0N 2S0","www.thelinksatmontague.com",,clinic
"The Marketing Clinic","902-835-4122","1384 Bedford Highway , Bedford , NS B4A 1E2",,,clinic
"The Water Clinic","1-800-664-2561","","www.8006642561.yp.ca",,clinic
"Thordarson Health Homeopathic Clinic","1-888-584-3353","","www.8885843353.yp.ca",,clinic
"Timberlea Medical Clinic","902-876-0415","1802 St Margarets Bay Road , Timberlea , NS B3T 1B8","www.9028760415.yp.ca",,clinic
"TMJ & Neck Clinic (of) Nova Scotia","902-425-3065","6178 Quinpool Road , Halifax , NS B3L 1A3","www.9024253065.yp.ca",,clinic
"Total Touch Skin Care Clinic","902-406-0066","1529 Birmingham Street , Halifax , NS B3J 2J6","www.9024060066.yp.ca",,clinic
"Total Touch Skincare Clinic","902-209-2009","1529 Birmingham Street , Halifax , NS B3J 2J6","www.9022092009.yp.ca",,clinic
"Travel Clinic","902-481-5900","5-7 Avenue Mellor , Dartmouth , NS B3B 0E8","www.9024815900.yp.ca",,clinic
"Travel Clinic-Travel Medicine & Vaccination Centre","1-888-288-8682","","www.8882888682.yp.ca",,clinic
"Travel Health Clinic Atlantic","902-893-0108","29 Arthur Street , Truro , NS B2N 1X7","www.9028930108.yp.ca",,clinic
"Travel Health (Napier)","902-423-2455","6454 Quinpool Road , Halifax , NS B3L 1A9","www.9024232455.yp.ca",,clinic
"Tru-Fit Denture Clinic","1-888-287-2323","","www.8882872323.yp.ca",,clinic
"Truro Chiropractic Clinic","902-895-4334","18 Duke Street , Truro , NS B2N 2A1","www.trurochiro.ca",,clinic
"Truro Denture Clinic","902-893-8010","134 Arthur Street , Truro , NS B2N 1Y1","www.9028938010.yp.ca",,clinic
"Truro Massage Therapy Clinic","902-893-7325","130 Rocky Ridge Rd , Truro , NS B2N 5A9","www.9028937325.yp.ca",,clinic
"Truro Rejuvenation Clinic","902-986-3223","275 Pictou Road , Truro , NS B2N 2S7","www.9029863223.yp.ca",,clinic
"Truro Walk-In Clinic","902-893-3635","68 Robie Street , Truro , NS B2N 1L2","www.9028933635.yp.ca",,clinic
"Tsawwassen Dental Clinic","1-866-832-8589","","www.8668328589.yp.ca",,clinic
"Armdale Chiropractic Health Centre","902-454-9777","2625 Joseph Howe Drive , Halifax , NS B3L 4G4","www.9024549777.yp.ca",,clinic
"Armdale Orthodontic Clinic","902-423-7800","12-2625 Joseph Howe Drive , Halifax , NS B3L 4G4","www.9024237800.yp.ca",,clinic
"Arnold Chiropractic","902-567-3341","49 Park Street , Sydney , NS B1P 4W3","www.9025673341.yp.ca",,clinic
"Atlantic Assisted Reproductive Therapy (AART)","902-404-8600","1535 Dresden Row , Halifax , NS B3J 3T1","www.aart.ca",,clinic
"Atlantic Clinic For Communication Disorders","902-429-6681","5657 Spring Garden Rd , Halifax , NS B3J 3R4","www.9024296681.yp.ca",,clinic
"Atlantic Clinic For Communication Disorders","902-429-6313","NS ","www.9024296313.yp.ca",,clinic
"Atlantic College of Therapeutic Massage","506-451-8188","440 King , Fredericton , NB E3B 5H8","www.actmonline.com",,clinic
"Atlantic Denture Clinic","902-464-0808","Dartmouth , Halifax , NS B2Y 3R6","www.9024640808.yp.ca",,clinic
"Atlantic Massage Therapy Clinic","902-832-5226","Bedford Place Mall NS ","www.massagetherapy.ns.ca",,clinic
"Atlantic Massage Therapy Clinic","902-832-5226","2005-1658 Bedford Hwy , Halifax , NS B3J 1T2","www.massagetherapy.ns.ca",,clinic
"Atlantic Medical Clinic","902-455-4333","7001 Mumford Road , Halifax , NS B3L 2H8","www.9024554333.yp.ca",,clinic
"Atlantic Skin Care","902-465-4536","44-46 Portland Street , Dartmouth , NS B2Y 1H4","www.9024654536.yp.ca",,clinic
"A Women's Choice Clinic","509-575-6422","106 East E Street , Yakima ","www.5095756422.yp.ca",,clinic
"Back To Health Chiropractic Clinic","902-865-8500","271 Sackville Drive , Lower Sackville , NS B4C 2R5","www.9028658500.yp.ca",,clinic
"Baddeck Dental Clinic","902-295-3374","7 Duntulum , Baddeck , NS B0E 1B0","www.9022953374.yp.ca",,clinic
"Baddeck Eye Clinic","902-295-3706","NS ","www.9022953706.yp.ca",,clinic
"Baddeck Medical Clinic","902-295-2443","High , Baddeck , NS B0E 1B0","www.9022952443.yp.ca",,clinic
"Baddeck Physiotherapy Clinic","902-295-2955","757 Highway 205 , Baddeck , NS B0E 1B0","www.9022952955.yp.ca",,clinic
"Baddeck Veterinary Clinic Ltd","902-295-3440","Baddeck Forks Rd , Baddeck , NS B0E 1B0","www.9022953440.yp.ca",,clinic
"Baillie Sarah Dr","902-425-0542","308-5880 Spring Garden Road , Halifax , NS B3H 1Y1","www.9024250542.yp.ca",,clinic
"Bayers Road Optometry Clinic","902-453-6100","Bayers Rd Centre , Halifax , NS B3L 2C2","www.9024536100.yp.ca",,clinic
"B & B Car Clinic","902-679-3242","6965 Hwy 1 , Coldbrook , NS B4N 2H6","www.9026793242.yp.ca",,clinic
"B C Assn Of Clinical Counsellors","1-800-909-6303","","www.8009096303.yp.ca",,clinic
"Bear River & Area Community Health Clinic","902-467-3611","Bear River , NS B0S 1B0","www.9024673611.yp.ca",,clinic
"Beckman Coulter Canada Inc","1-800-463-7828","Mississauga ","www.8004637828.yp.ca",,clinic
"Bedford Chiropractic Clinic","902-835-6865","2B-1687 Bedford Highway , Bedford , NS B4A 1G1","www.bedfordchiro.ca",,clinic
"Bedford Massage Therapy Clinic","902-402-5195","105-20 Duke Street , Bedford , NS B4A 2Z5","www.9024025195.yp.ca",,clinic
"Bedford Orthotics Ltd","902-832-9292","1475 Bedford Highway , Bedford , NS B4A 3Z5","www.9028329292.yp.ca",,clinic
"Bedford-Sackville Physiotherapy Clinic Inc","902-865-5749","447 Sackville Drive , Lower Sackville , NS B4C 2S1","www.9028655749.yp.ca",,clinic
"Bell Bay Golf Club","902-295-1333","Baddeck , NS B0A 1P0","www.bellbaygolfclub.com",,clinic
"U C Baby","1-877-682-2229","","www.8776822229.yp.ca",,clinic
"UC Baby","902-492-2229","Halifax , NS ","www.9024922229.yp.ca",,clinic
"Ultrasound Clinic","902-443-9922","255 Lacewood Drive , Halifax , NS B3M 4G2","www.9024439922.yp.ca",,clinic
"University Physiotherapy Inc","902-423-9800","1584 Robie Street , Halifax , NS B3H 3E6","www.9024239800.yp.ca",,clinic
"Valley Massage Therapy Clinic","902-679-0999","Town Square Mall , Kentville , NS B0P 1X0","www.9026790999.yp.ca",,clinic
"Valley Medical Aesthetics","902-678-2121","70 Exhibition Street , Kentville , NS B4N 4K9","www.9026782121.yp.ca",,clinic
"Valley Naturopathic Clinic","902-538-8733","139 Union , Berwick , NS B0P 1E0","www.9025388733.yp.ca",,clinic
"Valley Physiotherapy Clinic","902-542-7074","4 Little Road , Wolfville , NS B4P 1P4","www.9025427074.yp.ca",,clinic
"Vein Clinic The","902-863-3291","40 Church Street , Antigonish , NS B2G 2C7","www.9028633291.yp.ca",,clinic
"Vernon Hearing Aid & Audiology Clinic","1-800-405-3153","","www.8004053153.yp.ca",,clinic
"Village Family Pharmacy","902-843-7979","275 Pictou Road , Truro , NS B2N 2S7","www.9028437979.yp.ca",,clinic
"Vive-Anti Aging Clinic","902-678-3233","99A Webster Street , Kentville , NS B4N 1H8","www.9026783233.yp.ca",,clinic
"VON","902-564-6479","380 Kings Road , Sydney , NS B1S 1A8","www.9025646479.yp.ca",,clinic
"VON Antigonish","902-863-5700","65 Beech Hill Road , Antigonish , NS B2G 2P9","www.9028635700.yp.ca",,clinic
"V O N Foot Clinic","902-765-0636","Kingston , NS B4N 1H4","www.9027650636.yp.ca",,clinic
"Water Clinic","902-543-6212","170 Aberdeen Road , Bridgewater , NS B4V 2S9","www.9025436212.yp.ca",,clinic
"Well Woman Clinic","902-485-5416","Sutherland Harris Hospital , Pictou , NS B0K 1H0","www.9024855416.yp.ca",,clinic
"Well Women's Clinic","902-564-6314","336 Kings Rd , Sydney , NS B1S 1A9","www.9025646314.yp.ca",,clinic
"West End Denture Clinic","902-449-5967","Halifax , NS ","www.9024495967.yp.ca",,clinic
"Westmount Dental Clinic","902-539-0550","707 Westmount Road , Sydney , NS B1R 1B5","www.9025390550.yp.ca",,clinic
"West Park Chiropractic Clinic","902-678-1475","747 Park Street , Kentville , NS B4N 3V7","www.9026781475.yp.ca",,clinic
"Westville Medical Clinic","902-396-4142","1886 Main , Westville , NS ","www.9023964142.yp.ca",,clinic
"Westville Medical Clinic","902-396-4142","1886 Main , Westville , NS ","www.9023964142.yp.ca",,clinic
"Westville Medical Clinic","902-396-1707","NS ","www.9023961707.yp.ca",,clinic
"Whycocomagh Reserve Clinic","902-756-2253","Whycocomagh , NS ","www.9027562253.yp.ca",,clinic
"Windsor Chiropractic Health Centre","902-792-1872","NS ","www.9027921872.yp.ca",,clinic
"Windsor Chiropractic Health Centre","902-792-1871","31 Centennial Dr , Windsor , NS B0N 2T0","www.9027921871.yp.ca",,clinic
"Winnock Physiotherapy Clinic","902-667-1522","16 Church Street , Amherst , NS B4H 3A6","www.winnockphysio.com",,clinic
"Wolfville Naturopathic Clinic Inc","902-542-5560","189 Dykeland Street , Wolfville , NS B4P 1A3","www.9025425560.yp.ca",,clinic
"Women's Clinic Of South King County","425-255-1856","311-4300 Talbot Rd S , Renton ","www.4252551856.yp.ca",,clinic
"Woodlawn Medical Clinic","902-434-1500","NS ","www.9024341500.yp.ca",,clinic
"Woodlawn Medical Clinic","902-434-1500","110 Woodlawn Road , Dartmouth , NS B2W 2S8","www.9024341500.yp.ca",,clinic
"Woodlawn Medical Clinic","902-434-1500","NS ","www.9024341500.yp.ca",,clinic
"Woodlawn Medical Clinic","902-434-1500","NS ","www.9024341500.yp.ca",,clinic
"Woodlawn Medical Clinic","902-434-1500","NS ","www.9024341500.yp.ca",,clinic
"Woodlawn Medical Clinic","902-434-1500","NS ","www.9024341500.yp.ca",,clinic
"Woodlawn Medical Clinic","902-434-1500","NS ","www.9024341500.yp.ca",,clinic
"Woodlawn Medical Clinic","902-434-1500","NS ","www.9024341500.yp.ca",,clinic
"Woodlawn Medical Clinic","902-434-1500","NS ","www.9024341500.yp.ca",,clinic
"Woodlawn Medical Clinic","902-434-1500","NS ","www.9024341500.yp.ca",,clinic
"Woodlawn Medical Clinic","902-434-1500","NS ","www.9024341500.yp.ca",,clinic
"Woodlawn Medical Clinic","902-434-1500","NS ","www.9024341500.yp.ca",,clinic
"Woodlawn Medical Clinic","902-434-1500","NS ","www.9024341500.yp.ca",,clinic
"Woodlawn Medical Clinic","902-434-1500","NS ","www.9024341500.yp.ca",,clinic
"Woodlawn Medical Clinic","902-434-1500","NS ","www.9024341500.yp.ca",,clinic
"Woodlawn Medical Clinic","902-434-1500","NS ","www.9024341500.yp.ca",,clinic
"Woodlawn Medical Clinic","902-434-1500","NS ","www.9024341500.yp.ca",,clinic
"Woodlawn Medical Clinic","902-434-1500","NS ","www.9024341500.yp.ca",,clinic
"Woodlawn Medical Clinic","902-434-1500","NS ","www.9024341500.yp.ca",,clinic
"Woodlawn Medical Clinic","902-434-1500","NS ","www.9024341500.yp.ca",,clinic
"Woodlawn Medical Clinic","902-434-1500","NS ","www.9024341500.yp.ca",,clinic
"Woodlawn Medical Clinic","902-434-1500","NS ","www.9024341500.yp.ca",,clinic
"Woodlawn Medical Clinic","902-434-1500","NS ","www.9024341500.yp.ca",,clinic
"Wright Denise Dr BSC DC","902-444-3303","101-10 Portland Street , Dartmouth , NS B2Y 1G9","www.9024443303.yp.ca",,clinic
"Wyse Dentistry Inc","902-463-2722","276 Wyse Road , Dartmouth , NS B3A 1N6","www.9024632722.yp.ca",,clinic
"Yarmouth Denture Clinic","902-742-8949","19 Kirk Street , Yarmouth , NS B5A 1S6","www.9027428949.yp.ca",,clinic
"Yukon Denture Clinic","1-888-660-1839","","www.8886601839.yp.ca",,clinic
"Beltone","1-877-742-5141","Toll Free ","www.8777425141.yp.ca",,clinic
"Beltone","902-752-3115","744 East River Road , New Glasgow , NS B2H 3S1","www.beltonenewglasgow.ca",,clinic
"Beltone Hearing Aid Service","902-742-7774","508 Main Street , Yarmouth , NS B5A 1H7","www.9027427774.yp.ca",,clinic
"Beltone Hearing Clinic","1-800-665-8044","","www.8006658044.yp.ca",,clinic
"Be Natural Laser Clinic","902-404-3939","NS ","www.9024043939.yp.ca",,clinic
"Berwick Physiotherapy Clinic","902-538-9700","4383 Hwy 1 , Berwick , NS B0P 1E0","www.berwickphysio.com",,clinic
"B G Denture Clinic","1-800-667-1588","","www.8006671588.yp.ca",,clinic
"Bird's Auto Clinic","902-684-0026","Hantsport , NS B0P 1P0","www.9026840026.yp.ca",,clinic
"Blood Collection Service","902-461-2391","NS ","www.9024612391.yp.ca",,clinic
"Bob Becott Denture Clinic","1-888-267-5600","","www.8882675600.yp.ca",,clinic
"Bonner's Denture Clinic","902-544-0672","342 Park Rd , Sydney Mines , NS B1V 2B7","www.9025440672.yp.ca",,clinic
"Botox Cosmetic - Dr Daniel Lazaric","902-679-9255","NS ","www.9026799255.yp.ca",,clinic
"Botox Cosmetic - Dr. Daniel M Lazaric","902-679-9255","NS ","www.9026799255.yp.ca",,clinic
"Boudreau Denture Clinic","902-625-1897","18 Sydney Road , Port Hawkesbury , NS B9A 3A4","www.9026251897.yp.ca",,clinic
"Breton BodyKneads Massage Therapy Clinic","902-270-3900","304 Charlotte Street , Sydney , NS B1P 1C7","www.9022703900.yp.ca",,clinic
"Bridgetown And Area Health Centre Society","902-665-4500","20 Jeffery , Wellington , NS B2T 1J4","www.9026654500.yp.ca",,clinic
"Bridgewater Physiotherapy Strength & Conditioning Clinic","902-527-0036","450 Lahave Street , Bridgewater , NS B4V 4A3","www.9025270036.yp.ca",,clinic
"Britco Structures Ltd","1-800-527-4826","","www.britco.com",,clinic
"Burke Natalie Dr","902-464-4444","190 Victoria Road , Dartmouth , NS B3A 1W2","www.9024644444.yp.ca",,clinic
"Cabot Physiotherapy","902-562-1502","295 George Street , Sydney , NS B1P 1J7","www.9025621502.yp.ca",,clinic
"Caldwell Place Clinic","902-462-3362","37 Caldwell Road , Cole Harbour , NS B2V 1A2","www.9024623362.yp.ca",,clinic
"Canadian Blood Services","902-562-6292","850 Grand Lake Road , Sydney , NS B1P 5T9","www.9025626292.yp.ca",,clinic
"Canadian Blood Services","1-888-33-BLOOD","","www.8883325663.yp.ca",,clinic
"Canadian Blood Services","1-888-332-5663","","www.8883325663.yp.ca",,clinic
"Canadian Blood Services","1-888-332-5663","","www.8883325663.yp.ca",,clinic
"Canadian Blood Services","1-888-332-5663","","www.8883325663.yp.ca",,clinic
"Canadian Blood Services","1-888-236-6283","1940 Gottingen St Halifax No Charge-Dial ","www.bloodservices.ca",,clinic
"Canadian Blood Services","1-888-236-6283","850 Grand Lake Rd Sydney No Charge-Dial ","www.bloodservices.ca",,clinic
"Canadian Diagnostic Centres Limited","902-443-9922","255 Lacewood Drive , Halifax , NS B3M 4G2","www.9024439922.yp.ca",,clinic
"Canadian Golf Academy","1-888-698-4653","","www.8886984653.yp.ca",,clinic
"Capilia","1-866-922-7454","","www.capilia.ca",,clinic
"Capital Health","902-473-2700","1278 Tower Road , Halifax , NS B3H 2Y9","www.9024732700.yp.ca",,clinic
"Carrier Sekani Family Services Mobile Diabetes Telemedicine Clinic","1-866-562-0291","","www.csfs.org",,clinic
"Carrigan Denture Clinic","902-835-5242","Bedford Place Mall , Halifax , NS B4A 2X9","www.9028355242.yp.ca",,clinic
"Carter Chiropractic Clinic","902-893-7477","73 Dominion Street , Truro , NS B2N 3P2","www.9028937477.yp.ca",,clinic
"Cashman Paul-The Group Clinic","902-444-3377","1161 Hollis Street , Halifax , NS B3H 2P6","www.9024443377.yp.ca",,clinic
"CBI Health","1-800-463-2225","","www.cbi.ca",,clinic
"Cedar River Clinic","425-255-0471","4300 Talbot Rd S Renton WA USA ","www.4252550471.yp.ca",,clinic
"Cedar River Clinics-Renton","425-255-0471","4300 Talbot Rd S , Renton ","www.4252550471.yp.ca",,clinic
"Ceilidh Denture Clinic","902-258-3568","27 James , Inverness , NS B0E 1N0","www.9022583568.yp.ca",,clinic
"Celtic Creatures Veterinary Clinic Ltd","902-270-8387","383 Keltic Drive , Sydney , NS B1L 1B8","www.9022708387.yp.ca",,clinic
"Central Foot Clinic","1-866-947-6761","200-428 Portage Wpg ","www.8669476761.yp.ca",,clinic
"Chedabucto Denture Clinic","902-366-2483","Canso , NS B0H 1H0","www.9023662483.yp.ca",,clinic
"Chedabucto Denture Clinic","902-863-3131","Antigonish , NS B2G 2H6","www.9028633131.yp.ca",,clinic
"Chester Clinic","902-275-3529","57 King , Chester , NS B0J 1J0","www.9022753529.yp.ca",,clinic
"Chester Clinic Dental","902-275-3828","57 King , Chester , NS B0J 1J0","www.9022753828.yp.ca",,clinic
"Cheticamp Massage Therapy","902-224-5255","15268 Cabot Trail , Cheticamp , NS B0E 1H0","www.9022245255.yp.ca",,clinic
"Cheticamp Medical Clinic","902-224-3110","Cheticamp , NS B0E 1H0","www.9022243110.yp.ca",,clinic
"Chiasson Chantal Dr Dermatologist (e)","1-877-533-2828","Shediac ","www.8775332828.yp.ca",,clinic
"Choice Chiropractic","902-404-3668","99 Main Street , Dartmouth , NS B2X 1R4","www.choicehealthcentre.com",,clinic
"Chronic Pain Clinic","902-538-7102","121 Orchand , Berwick , NS B0P 1E0","www.9025387102.yp.ca",,clinic
"Citadel Physiotherapy Clinic","902-442-5623","100-5536 Sackville Street , Halifax , NS B3J 1L1","www.arthritisandinjurycare.com",,clinic
"Clare Physiotherapy Clinic","902-769-2421","512 Pf Comeau Rd , Saulnierville , NS B0W 2Z0","www.9027692421.yp.ca","E-mail: clare.physio@ns.sympatico.ca",clinic
"Clayfield Denture Clinic","902-455-1636","3542 Novalea Drive , Halifax , NS B3K 3E8","www.9024551636.yp.ca",,clinic
"Clayton Park Medical Clinic","902-445-9600","278 Lacewood Drive , Halifax , NS B3M 3N8","www.9024459600.yp.ca",,clinic
"Clinical Logistics Inc","902-461-1300","1 Research Drive , Dartmouth , NS B2Y 4M9","www.9024611300.yp.ca",,clinic
"Clinically Yours Massage Therapy","902-456-9179","7 James , Dartmouth , NS B2Y 1R1","www.9024569179.yp.ca",,clinic
"Clinic Pharmacy","902-678-9933","70 Exhibition Street , Kentville , NS B4N 4K9","www.9026789933.yp.ca",,clinic
"Clinique Image Clinic","1-866-644-0333","93 Victoria Moncton NB ","www.8666440333.yp.ca",,clinic
"Coastal Vision Clinic","902-535-2000","9983 Grenville , St Peters , NS B0E 3B0","www.9025352000.yp.ca",,clinic
"COBEQUID COMMUNITY HEALTH CENTRE","869-6140","40 Freer Lane , Sackville ","www.8696140.yp.ca",,clinic
"COBEQUID COMMUNITY HEALTH CENTRE","869-6106","40 Freer Lane , Sackville ","www.8696106.yp.ca",,clinic
"Coburg Denture Clinic","902-420-1911","6054 Coburg Road , Halifax , NS B3H 1Z2","www.9024201911.yp.ca",,clinic
"Community Care Walk-in Clinic Inc","902-865-5800","157-159 Cobequid Road , Lower Sackville , NS B4C 2N1","www.9028655800.yp.ca",,clinic
"Conohan Mary Lou","902-543-1505","42 Glen Allen Dr , Bridgewater , NS B4V 3N2","www.9025431505.yp.ca",,clinic
"Cowan Street Dental Clinic","902-396-4111","2228 Cowan Street RR 1 , Westville , NS B0K 2A0","www.9023964111.yp.ca",,clinic
"Cowie Hill Physiotherapy Clinic","902-479-2063","15 Shoreham Lane , Halifax , NS B3P 2R3","www.9024792063.yp.ca",,clinic
"Cox's Auto Clinic","902-469-8352","381 Portland Street , Dartmouth , NS B2Y 1L1","www.9024698352.yp.ca",,clinic
"Cox's Auto Clinic","902-442-1269","NS ","www.9024421269.yp.ca",,clinic
"CPM Health Centers","902-463-7857","44 Portland , Dartmouth , NS B2Y 1H3","www.9024637857.yp.ca",,clinic
"Crowell Denture Clinic Ltd","902-435-9905","114 Woodlawn Road , Dartmouth , NS B2W 2S7","www.9024359905.yp.ca",,clinic
"Dalhousie Dental Clinic","902-494-2101","5981 University Avenue , Halifax , NS B3H 1W2","www.9024942101.yp.ca",,clinic
"Dalhousie MS Research Unit","902-422-7817","5790 University Avenue , Halifax , NS B3H 1V7","www.9024227817.yp.ca",,clinic
"Dalling Denture Clinic","902-463-3525","268 Wyse Road , Dartmouth , NS B3A 1N3","www.9024633525.yp.ca",,clinic
"Dave's Vacuum Clinic","902-543-6024","209G High Street , Bridgewater , NS B4V 1W2","www.9025436024.yp.ca",,clinic
"Daya Roger Dr","902-893-9686","510 Prince Street , Truro , NS B2N 1G1","www.9028939686.yp.ca",,clinic
"Deals Auto Clinic","902-681-5858","17 Jones Road , New Minas , NS B4N 3N2","www.9026815858.yp.ca",,clinic
"DermaLaser Esthetic Medical Clinic","1-877-533-2828","79 Sackville Shediac Nb ","www.dermalaserclinic.ca",,clinic
"DermaLaser Medical Clinic","1-877-533-2828","79 Sackville Shediac Nb ","www.8775332828.yp.ca",,clinic
"Deveau's Denture Clinic","902-778-0678","NS ","www.9027780678.yp.ca",,clinic
"Digby Denture Clinic","902-245-2587","21 Warwick , Digby , NS B0V 1A0","www.9022452587.yp.ca",,clinic
"Disability Claims Advocacy Clinic Inc","1-877-793-3222","","www.8777933222.yp.ca",,clinic
"DM Personal Training Clinic","902-429-5214","6178 Quinpool Road , Halifax , NS B3L 1A3","www.9024295214.yp.ca",,clinic
"Doc'N Talk Clinic","902-843-7770","Fundy Trail Centre , Truro , NS B2N 1L2","www.9028437770.yp.ca",,clinic
"Doctor Patrick Milroy's Clinic","902-429-3443","138 Bedford Highway , Halifax , NS B3M 0A3","www.9024293443.yp.ca",,clinic
"Doctors Eye Clinic","902-865-3433","NS ","www.9028653433.yp.ca",,clinic
"Doctors Eye Clinic","902-423-6311","5990 Spring Garden Rd NS ","www.9024236311.yp.ca",,clinic
"Doctors Eye Clinic","902-479-3700","9 Dentith Rd NS ","www.9024793700.yp.ca",,clinic
"Doctors Eye Clinic","902-454-2020","Scotia Sq , Halifax , NS B3J 3L7","www.9024542020.yp.ca",,clinic
"Donaco's Aesthetic Clinic","902-466-3661","1088 Cole Harbour Road , Dartmouth , NS B2V 1E7","www.9024663661.yp.ca",,clinic
"Drafting Clinic Canada Limited","902-422-9735","1592 Queen Street , Halifax , NS B3J 2J1","www.9024229735.yp.ca",,clinic
"Dresden Physiotherapy Clinic","902-422-7717","5991 Spring Garden Rd , Halifax , NS B3H 1Y4","www.9024227717.yp.ca",,clinic
"Dr Flavin's Chiropractic Clinic","902-640-3100","Lunenburg , NS B0J 2C0","www.9026403100.yp.ca",,clinic
"Dr Kingston Memorial Clinic","902-587-2800","L'Ardoise , NS B0E 1S0","www.9025872800.yp.ca",,clinic
"Dr Kingston Memorial Clinic","902-587-2991","NS ","www.9025872991.yp.ca",,clinic
"Drumheller Denture Clinic Ltd","1-877-823-7081","","www.8778237081.yp.ca",,clinic
"Eastern Kings Memorial Community Health Centre","902-542-0528","NS ","www.9025420528.yp.ca",,clinic
"Eastern Passage Village Veterinary Clinic","902-465-1213","105 Cow Bay Rd , Halifax , NS ","www.9024651213.yp.ca",,clinic
"Eastern Passage Village Veterinary Clinic JMAC Pet Gooming Services","902-463-7785","105 Cow Bay Rd , Halifax , NS ","www.9024637785.yp.ca",,clinic
"Eastern Shore Denture Clinic","902-347-2992","Moser River , Ecum Secum , NS B0J 2K0","www.9023472992.yp.ca",,clinic
"East Hants Chiropractic Clinic","902-758-2240","2793 Main , Shubenacadie , NS B0N 2H0","www.9027582240.yp.ca",,clinic
"East Hants Naturopathic Medical Clinic","902-883-3838","Elmsdale , NS ","www.9028833838.yp.ca",,clinic
"East Hants Physiotherapy Clinic","902-883-1622","550 Hwy 2 Elmsdale NS ","www.9028831622.yp.ca",,clinic
"East Hants Physiotherapy Clinic","902-883-1622","550 Hwy 2 NS ","www.9028831622.yp.ca",,clinic
"East Hants Physiotherapy Clinic","902-883-1622","Elmsdale , NS B2S 1A3","www.9028831622.yp.ca",,clinic
"East Hants Physiotherapy Clinic","902-883-1151","Elmsdale , NS B2S 1A3","www.9028831151.yp.ca",,clinic
"Eastwind Stress Reduction Clinic","902-431-4097","1964 Beech Street , Halifax , NS B3H 4B8","www.9024314097.yp.ca",,clinic
"Edwards Denture Clinic","902-543-5067","220 Dufferin Street , Bridgewater , NS B4V 2G7","www.9025435067.yp.ca",,clinic
"Edwards Denture Clinic - Bridgewater","902-543-5067","220 Dufferin Street , Bridgewater , NS B4V 2G7","www.9025435067.yp.ca",,clinic
"Elmsdale Dental Clinic","902-883-7624","Elmsdale Shopping Ctr , Elmsdale , NS B3K 5V3","www.9028837624.yp.ca",,clinic
"Enfield Denture Clinic","902-758-4135","Shubenacadie Health Centre , Shubenacadie , NS ","www.9027584135.yp.ca",,clinic
"Eskasoni Community Health Centre","902-379-2500","NS ","www.9023792500.yp.ca",,clinic
"Eskasoni Community Health Centre Prenatal Clinic","902-379-1301","NS ","www.9023791301.yp.ca",,clinic
"EXECUTIVE OFFICES","473-7084","","www.4737084.yp.ca",,clinic
"EXECUTIVE OFFICES","869-6108","","www.8696108.yp.ca",,clinic
"Eye Exam Clinic","902-463-3937","114 Woodlawn Road , Dartmouth , NS B2W 2S7","www.9024633937.yp.ca",,clinic
"Eyes On Bedford","902-835-2100","1600 Bedford Hwy , Bedford , NS B4A 1E8","www.9028352100.yp.ca",,clinic
"Eyes On Lacewood","902-446-9090","362 Lacewood Drive , Halifax , NS B3S 1M7","www.9024469090.yp.ca",,clinic
"Eyes on Mumford","902-453-6360","West End Mall , Halifax , NS B3L 4P1","www.9024536360.yp.ca",,clinic
"Eyes on Portland","902-446-3937","644 Portland , Dartmouth , NS B2W 3M3","www.9024463937.yp.ca",,clinic
"Fall River Physiotherapy Clinic Inc","902-861-4004","Fall River Place , Waverley , NS B0N 2V0","www.9028614004.yp.ca",,clinic
"Family 1st Medical","1-800-565-2021","","www.8005652021.yp.ca",,clinic
"Family EyeCare Clinic","902-849-7100","161 Commercial Street , Glace Bay , NS B1A 3B9","www.9028497100.yp.ca",,clinic
"Family Eye-Care Clinic (Wetaskiwin)","1-800-263-2030","","www.8002632030.yp.ca",,clinic
"Family Focus Medical Clinics","902-420-6060","NS ","www.thefamilyfocus.ca",,clinic
"Family Practice Associates","902-453-3511","6155 North Street , Halifax , NS B3K 5R3","www.9024533511.yp.ca",,clinic
"Family Vision Clinic","902-462-4600","Dartmouth Superstore Mall , Dartmouth , NS B2W 6A3","www.9024624600.yp.ca",,clinic
"Family Vision Clinic","902-443-1600","480 Parkland Drive , Halifax , NS B3S 1P9","www.9024431600.yp.ca",,clinic
"Family Vision Clinic","902-462-4600","Dartmouth Superstore Mall NS ","www.9024624600.yp.ca",,clinic
"Family Vision Clinic","902-469-8230","45 Alderney Drive , Dartmouth , NS B2Y 2N6","www.9024698230.yp.ca",,clinic
"Family Vision Clinic","902-457-2224","287 Lacewood Drive , Halifax , NS B3M 3Y7","www.9024572224.yp.ca",,clinic
"Family Vision Clinic","902-434-1231","50 Tacoma Dr , Halifax , NS B3H 1W5","www.9024341231.yp.ca",,clinic
"Family Vision Clinic","902-462-4600","Dartmouth Superstore Mall , Halifax , NS B2W 3A6","www.9024624600.yp.ca",,clinic
"Family Vision Clinic","902-443-2020","NS ","www.9024432020.yp.ca",,clinic
"Feel Well Naturotherapy Clinic","902-893-8011","14A Inglis Place , Truro , NS B2N 4B4","www.9028938011.yp.ca",,clinic
"Foot Health Clinic Inc","506-382-9255","100-667 Rue Champlain , Dieppe , NB E1A 1P6","www.5063829255.yp.ca",,clinic
"Forest Hills Medical Clinic","902-435-5530","Forest Hills Plaza , Halifax , NS B2W 5G7","www.9024355530.yp.ca",,clinic
"Forever Healthy Wellness Clinic","902-849-0935","78 Commercial Street , Dominion , NS B1G 1B4","www.9028490935.yp.ca",,clinic
"Freedom Chiropractic","902-742-3733","396 Main Street , Yarmouth , NS B5A 1E9","www.9027423733.yp.ca",,clinic
"Fundy Trail Physiotherapy Clinic","902-895-9999","Fundy Trail Mall , Truro , NS ","www.9028959999.yp.ca",,clinic
"FYI Eye Doctors","","","www.fyidoctors.com",,clinic
"Get Well Soon Fitness Studio","902-864-5001","446 Sackville Drive , Lower Sackville , NS B4C 2R8","www.9028645001.yp.ca",,clinic
"Gillam Chiropractic Clinic","902-895-8881","36 Harris Avenue , Truro , NS B2N 3N2","www.9028958881.yp.ca",,clinic
"Glace Bay Chiropractic Clinic","902-849-0006","139 Commercial Street , Glace Bay , NS B1A 3B9","www.9028490006.yp.ca",,clinic
"Gladstone Dental Centre","902-453-6770","Suite 405 6155 North , Halifax , NS B3K 5R3","www.gladstonedental.com",,clinic
"Glenbourne Chiropractic Clinic","902-445-9335","480 Parkland Drive , Halifax , NS B3S 1P9","www.glenbournechiro.ca",,clinic
"Glooscap Veterinary Clinic Inc","902-542-7363","Greenwich , Wolfville , NS B4P 2N5","www.9025427363.yp.ca",,clinic
"Glooscap Veterinary Clinic Inc","902-678-7363","7130 Hwy 1 , Coldbrook , NS B4P 2N5","www.9026787363.yp.ca",,clinic
"Goodwood Family Golf Centre","902-876-1122","1300 Prospect Rd , Halifax , NS B3A 2V6","www.goodwoodgolf.com",,clinic
"Greenwood Animal Hospital","902-765-6355","799 Central av , Kingston , NS B0P 1N0","www.middletonvets.ca",,clinic
"Guysborough Medical Clinic","902-533-4040","Main , Guysborough , NS B0H 1N0","www.9025334040.yp.ca",,clinic
"Hair Artistic & Laser Clinic","902-457-2266","287 Lacewood Drive , Halifax , NS B3M 3Y7","www.haalc.ca",,clinic
"Hair Clinic","1-888-434-4247","Dieppe E1A 1N6","www.8884344247.yp.ca",,clinic
"Halifax Chiropractic Clinic","902-423-9223","6112 Willow Street , Halifax , NS B3K 1M2","www.9024239223.yp.ca",,clinic
"Halifax Furniture Clinic","902-454-4644","2866 Gottingen Street , Halifax , NS B3K 3E1","www.9024544644.yp.ca",,clinic
"Halifax Neuropsychology Clinic","902-240-3007","NS ","www.9022403007.yp.ca",,clinic
"Halifax Refugee Clinic","902-422-6736","NS ","www.9024226736.yp.ca",,clinic
"Halifax Refugee Clinic","902-422-7529","NS ","www.9024227529.yp.ca",,clinic
"Hammonds Plains Medical Clinic","902-832-9233","2120 Hammonds Plains Road , Hammonds Plains , NS B4B 1P3","www.9028329233.yp.ca",,clinic
"Harbour Health Clinic","902-889-3067","Musquidoboit Harbour/Eastern Shore , Musquodoboit Harbour , NS B0J 2L0","www.9028893067.yp.ca",,clinic
"Harbour South Medical Clinic","902-742-8333","235 Main Street , Yarmouth , NS B5A 1E1","www.9027428333.yp.ca",,clinic
"Hatfield Denture Clinic","902-466-2845","Dartmouth , Halifax , NS B2Y 3R6","www.9024662845.yp.ca",,clinic
"Havre Boucher Medical Clinic","902-234-3435","Havre Boucher , Monastery , NS B2G 2M5","www.havreboucher.com",,clinic
"Hawthorn Naturopathic and Massage Therapy Clinic","902-678-4142","458 Main Street , Kentville , NS B4N 1K8","www.9026784142.yp.ca",,clinic
"Hawthorn Naturopathic Clinic","902-678-4142","458 Main Street , Kentville , NS B4N 1K8","www.9026784142.yp.ca",,clinic
"Headquarters Hair Solutions Clinic","902-420-1800","201-998 Parkland Drive , Halifax , NS B3M 0A6","www.9024201800.yp.ca",,clinic
"Healing Handz Massage Therapy","902-660-4040","33 Spring Street , Amherst , NS B4H 1R8","www.9026604040.yp.ca",,clinic
"HEALTH (NS)","1-800-565-0548","","www.8005650548.yp.ca",,clinic
"HealthySkinMD Laser & Vein Clinic","902-691-4763","60 Aberdeen Street , Kentville , NS B4N 2N3","www.9026914763.yp.ca",,clinic
"HealthySkinMD Laser & Vein Clinic","902-365-3305","60 Aberdeen Street , Kentville , NS B4N 2N3","www.9023653305.yp.ca",,clinic
"HealthySkinMD Laser & Vein Clinic","902-365-3397","60 Aberdeen Street , Kentville , NS B4N 2N3","www.9023653397.yp.ca",,clinic
"HealthySkinMD Laser & Vein Clinic","902-365-3254","60 Aberdeen Street , Kentville , NS B4N 2N3","www.9023653254.yp.ca",,clinic
"Hennessey Health Clinic","902-896-4080","35 Inglis Place , Truro , NS B2N 4B5","www.9028964080.yp.ca",,clinic
"Highland Chiropractic Clinic","902-735-3500","70 St Andrews Street , Antigonish , NS B2G 2H1","www.9027353500.yp.ca",,clinic
"Highland Hearing Clinic","902-625-0617","3-902 Reeves Street , Port Hawkesbury , NS B9A 2S3","www.9026250617.yp.ca",,clinic
"Highland Hearing Clinic Ltd","902-863-0633","3988 South River Rd , Antigonish , NS B2G 2H4","www.9028630633.yp.ca",,clinic
"Highlands Medical Clinic","902-336-2300","Neils Hbr , Neils Harbour , NS B0C 1N0","www.9023362300.yp.ca",,clinic
"Highland Veterinary Clinic","902-533-2659","9996 Hwy 16 , Guysborough , NS B0H 1N0","www.9025332659.yp.ca",,clinic
"Homoeopathic Clinic","1-900-451-7284","","www.9004517284.yp.ca",,clinic
"Hubbards Family Dental Clinic","902-857-1755","11 Hwy 329 , Hubbards , NS B0J 1T0","www.9028571755.yp.ca",,clinic
"ICT Schools Northumberland College","1-888-862-2230","1888 Brunswick B3J 3J8","www.8888622230.yp.ca",,clinic
"Implant & Periodontal Clinic PS","360-671-5500","3628 Meridian Suite 2C , Bellingham ","www.3606715500.yp.ca",,clinic
"Implant & Periodontal Clinic PS","360-757-0201","3628 Meridian Suite 2C , Bellingham ","www.3607570201.yp.ca",,clinic
"INTERIOR HEALTH AUTHORITY","1-866-423-4453","570 Pine Ave , Sparwood ","www.8664234453.yp.ca",,clinic
"INTERIOR HEALTH AUTHORITY","425-6212","","www.4256212.yp.ca",,clinic
"INTERIOR HEALTH AUTHORITY","865-2247","","www.8652247.yp.ca",,clinic
"INTERIOR HEALTH AUTHORITY","425-6212","570 Pine Ave , Sparwood ","www.4256212.yp.ca",,clinic
"INTERIOR HEALTH AUTHORITY","425-4501","570 Pine Ave , Sparwood ","www.4254501.yp.ca",,clinic
"INTERIOR HEALTH AUTHORITY","425-2064","570 Pine Ave , Sparwood ","www.4252064.yp.ca",,clinic
"INTERIOR HEALTH AUTHORITY","425-2064","","www.4252064.yp.ca",,clinic
"INTERIOR HEALTH AUTHORITY","423-8288","","www.4238288.yp.ca",,clinic
"INTERIOR HEALTH AUTHORITY","865-2215","","www.8652215.yp.ca",,clinic
"INTERIOR HEALTH AUTHORITY","1-800-661-0329","","www.8006610329.yp.ca",,clinic
"INTERIOR HEALTH AUTHORITY","1-800-661-0329","212 Alpine Way , Elkford ","www.8006610329.yp.ca",,clinic
"INTERIOR HEALTH AUTHORITY","423-8266","1501 5th Ave , Fernie ","www.4238266.yp.ca",,clinic
"INTERIOR HEALTH AUTHORITY","423-8265","1501 5th Ave , Fernie ","www.4238265.yp.ca",,clinic
"INTERIOR HEALTH AUTHORITY","423-4453","1501 5th Ave , Fernie ","www.4234453.yp.ca",,clinic
"INTERIOR HEALTH AUTHORITY","423-8288","1501 5th Ave , Fernie ","www.4238288.yp.ca",,clinic
"INTERIOR HEALTH AUTHORITY","432-2035","260 4th Ave , Kimberley ","www.4322035.yp.ca",,clinic
"INTERIOR HEALTH AUTHORITY","1-888-426-7566","","www.8884267566.yp.ca",,clinic
"Inverness Medical Clinic","902-258-2555","Church NS ","www.9022582555.yp.ca",,clinic
"Island Denture Clinic","902-862-7228","3536 Plummer Avenue , New Waterford , NS B1H 1Z9","www.9028627228.yp.ca",,clinic
"Island Health Centre","902-839-2711","197 Overcove Rd , Freeport , NS B0V 1B0","www.9028392711.yp.ca",,clinic
"Island Health Centre & EHS Paramedic Excess Line Capacity","902-839-2398","197 Over Cove Rd , Freeport , NS B3J 3Z1","www.9028392398.yp.ca",,clinic
"Island Hearing Services Inc","1-866-969-0632","","www.islandhearing.com","info@islandhearing.com",clinic
"Jade Skin Care Clinic & Spa Ltd","902-798-3882","1065 King , Windsor , NS ","www.9027983882.yp.ca",,clinic
"JMP Cleaning Services","902-403-0522","NS ","www.9024030522.yp.ca",,clinic
"Jordan Branch Veterinary Clinic","902-875-4033","Jordan Branch , Shelburne , NS B0T 1W0","www.9028754033.yp.ca",,clinic
"Julie Skaling Physiotherapy Clinic Inc","902-678-3422","70 Exhibition Street , Kentville , NS B4N 4K9","www.9026783422.yp.ca",,clinic
"Keizer's Auto Clinic","902-827-3595","Porters Lake , Chezzetcook , NS B3E 1E9","www.9028273595.yp.ca",,clinic
