"1st Avenue Dental Clinic","306-693-1064","821 1st Avenue NW , MOOSE JAW , SK S6H 3M8","www.3066931064.yp.ca",,dentist
"1st Avenue Dental Clinic","306-693-3325","Moose Jaw , SK S6H 0A1","www.3066933325.yp.ca",,dentist
"8th Street Emergency Dental Clinic","306-955-9696","3130 8th Street East , SASKATOON , SK S7H 0W2","www.3069559696.yp.ca",,dentist
"Aa Northend Dental","306-934-1177","227 Primrose Drive , SASKATOON , SK S7K 5E4","www.3069341177.yp.ca",,dentist
"Aasen Kevin V Dr","306-842-8111","7 Souris Avenue , Weyburn , SK S4H 0C1","www.3068428111.yp.ca",,dentist
"Aasen Kevin V Dr Dentist","306-842-8111","7 Souris Avenue , Weyburn , SK S4H 0C1","www.3068428111.yp.ca",,dentist
"Abounassar F Dr Dentist","306-327-5365","201 Main St , Kelvington , SK S0A 1W0","www.3063275365.yp.ca",,dentist
"Acaster Glen R Dr","306-445-3422","Frontier Mall , NORTH BATTLEFORD , SK S9A 0A1","www.3064453422.yp.ca",,dentist
"A Cathedral Dental Centre","306-352-9966","3032 13th Avenue , REGINA , SK S4T 1N9","www.3063529966.yp.ca",,dentist
"Affiliated Westside Dental Centre","306-382-5566","411 Confederation Drive , SASKATOON , SK S7L 5C3","www.3063825566.yp.ca",,dentist
"Albert Park Dental Clinic","306-584-8777","3936 Gordon Road , REGINA , SK S4S 6Y3","www.3065848777.yp.ca",,dentist
"All About Smiles","306-522-2934","2603E Star Lite Street , Regina , SK S4V 3E1","www.3065222934.yp.ca",,dentist
"Alpine Dental Clinic","306-773-2366","1080 2nd Avenue SE , Swift Current , SK S9H 4G1","www.3067732366.yp.ca",,dentist
"Amundrud D G Dr","306-343-8201","304-3301 8th Street East , Saskatoon , SK S7H 5K5","www.3063438201.yp.ca",,dentist
"Amundrud D G Dr","306-343-1020","","www.3063431020.yp.ca",,dentist
"Anchor Dental Group","306-778-9100","3-276 2nd Avenue NE , Swift Current , SK S9H 2C8","www.3067789100.yp.ca",,dentist
"Anchor Dental Group","306-773-7564","","www.3067737564.yp.ca",,dentist
"Andrews Stewart Dr Dentist","306-565-3500","552 University Park Drive , REGINA , SK S4V 2Z3","www.3065653500.yp.ca",,dentist
"Anholt Reg Dr","306-664-3000","","www.3066643000.yp.ca",,dentist
"Anholt Reg Dr","306-665-7676","201-129 21st Street East , Saskatoon , SK S7K 0B2","www.3066657676.yp.ca",,dentist
"Anholt Reg Dr Dentist","306-665-7676","129 21st Street East , SASKATOON , SK S7K 0B2","www.3066657676.yp.ca",,dentist
"Antosh Wes R Dr","306-652-5175","603 3rd Avenue North , Saskatoon , SK S7K 2J8","www.3066525175.yp.ca",,dentist
"Antosh Wes R Dr Dentist","306-236-3707","402 1st Street West , Meadow Lake , SK S9X 1E5","www.3062363707.yp.ca",,dentist
"Antosh Wes R Dr Dentist Dentistry On Queen","306-652-5175","603 3rd Avenue North , SASKATOON , SK S7K 2J8","www.3066525175.yp.ca",,dentist
"Argue Curtis Dr","306-773-0664","1708 Springs Dr , Swift Current , SK S9H 5N1","www.3067730664.yp.ca",,dentist
"Argue Curtis Dr","306-778-4462","","www.3067784462.yp.ca",,dentist
"Argue Curtis Dr Dentist","306-773-0664","1 Springs Drive , Swift Current , SK S9H 3X6","www.3067730664.yp.ca",,dentist
"Arpin Kristin Dr","306-763-8883","","www.3067638883.yp.ca",,dentist
"Arpin Kristin Dr","306-763-6000","2995 2nd Ave W , Prince Albert , SK S6V 5V5","www.3067636000.yp.ca",,dentist
"Arpin Kristin Dr South Hill Dental Centre","306-763-6000","2995 2nd Avenue West , PRINCE ALBERT , SK S6V 5V5","www.3067636000.yp.ca",,dentist
"Henderson J D Dr","306-584-5444","Suite 32-3806 Albert St , Regina , SK S4S 3R2","www.3065845444.yp.ca",,dentist
"Henderson J D Dr Dentist","306-584-5444","3806 Albert St , REGINA , SK S4S 3R2","www.3065845444.yp.ca",,dentist
"Herve J M Dr","306-236-3686","Meadow Lake , SK ","www.3062363686.yp.ca",,dentist
"Herve J M Dr Dentist","306-236-3686","Meadow Lake Mall , MEADOW LAKE , SK S9X 1A1","www.3062363686.yp.ca",,dentist
"Hewitt W H Dr Dentist Carlyle Dental Clinic","306-453-2484","130 Main St , Carlyle , SK S0C 0R0","www.3064532484.yp.ca",,dentist
"Hildebrand Doug Dr Dentist","306-244-2111","310 Canada 105 21st St E , SASKATOON , SK S7K 0B3","www.3062442111.yp.ca",,dentist
"Hildebrand Doug Dr Dentist","306-244-2111","Saskatoon , SK S7H 0A1","www.3062442111.yp.ca",,dentist
"Hill Tyler Dr","306-752-2266","810 Main St , Melfort , SK S0E 1A0","www.3067522266.yp.ca",,dentist
"Hitziou Faye T Dr","306-522-3632","3966 Albert Street , Regina , SK S4S 3R1","www.3065223632.yp.ca",,dentist
"Hitziou Faye T Dr Family Dentistry","306-522-3632","3966 Albert Street , REGINA , SK S4S 3R1","www.3065223632.yp.ca",,dentist
"H M B Management Ltd","306-244-2022","518 Queen Street , Saskatoon , SK S7K 0M5","www.3062442022.yp.ca",,dentist
"Hohn Frank Dr","306-652-9454","601 The Tower At Midtown , Saskatoon , SK ","www.3066529454.yp.ca",,dentist
"Hohn Frank Dr Oral & Maxillofacial Surgeon","306-652-9454","201 Cn Towers , SASKATOON , SK S7K 1J5","www.3066529454.yp.ca",,dentist
"Ho Lawrence Dr Dentist","306-382-5566","411 Confederation Drive , SASKATOON , SK S7L 5C3","www.3063825566.yp.ca",,dentist
"Ho Lawrence Dr Dentist","306-244-8788","149 Pacific Avenue , SASKATOON , SK S7K 1N8","www.3062448788.yp.ca",,dentist
"Holden Raedon Dr Dentist","306-522-2934","2603E Star Lite Street , REGINA , SK S4V 3E1","www.3065222934.yp.ca",,dentist
"Holmes Curtis B Dr Dentist","306-842-8111","7 Souris Avenue , Weyburn , SK S4H 0C1","www.3068428111.yp.ca",,dentist
"Hoover J N Dr","306-966-5105","Saskatoon , SK S7H 0A1","www.3069665105.yp.ca",,dentist
"Horn James C Dr Orthodontic Serv Prof Corp Orthodont","306-653-3955","301 Cn Towers , SASKATOON , SK S7K 1J5","www.3066533955.yp.ca",,dentist
"Houseman R G Korol S M & Bazylak A D Drs","306-664-2525","1-630 2nd Avenue North , Saskatoon , SK S7K 2C8","www.3066642525.yp.ca",,dentist
"Hu Chiaan Dr","306-235-2278","","www.3062352278.yp.ca",,dentist
"Hu Chiaan Dr","306-235-2277","1314 Pederson Ave , Buffalo Narrows , SK S0M 0J0","www.3062352277.yp.ca",,dentist
"Hu Chiaan & Watt J A Drs","306-763-8525","315-20 14th Street West , Prince Albert , SK S6V 3K8","www.3067638525.yp.ca",,dentist
"Hudson Bay Dental Clinic","306-865-2247","Hudson Bay , SK S0E 0Y0","www.3068652247.yp.ca",,dentist
"Hughes John Dr Dentist","306-747-2555","104 1st Ave W , Shellbrook , SK S0J 2E0","www.3067472555.yp.ca",,dentist
"Humboldt Dental Associates","306-682-5071","312 Main St , Humboldt , SK S0K 2A0","www.3066825071.yp.ca",,dentist
"Humboldt Dental Clinic","306-682-2313","617 7th St , Humboldt , SK S0K 2A0","www.3066822313.yp.ca",,dentist
"Humboldt Smiles Dental Studios Inc","306-682-4434","Humboldt , SK S0K 2A0","www.3066824434.yp.ca",,dentist
"Humboldt Smiles Dental Studios Inc","306-682-4493","","www.3066824493.yp.ca",,dentist
"Ibbott C Dr Periodontist","306-347-3066","Regina , SK S4N 0A1","www.3063473066.yp.ca",,dentist
"Ibbott C Dr Periodontist","306-525-9620","2550 15th Ave , REGINA , SK S4P 1A5","www.3065259620.yp.ca",,dentist
"Idylwyld Dental Clinic","306-664-6660","310 Idylwyld Drive North , SASKATOON , SK S7L 0Z2","www.3066646660.yp.ca",,dentist
"Ighani A Dr Dentist","306-652-3212","173 2nd Avenue South , SASKATOON , SK S7K 1K6","www.3066523212.yp.ca",,dentist
"Inverarity Brock Dr Dentist","306-978-1700","3110 Laurier Drive , SASKATOON , SK S7L 5J7","www.3069781700.yp.ca",,dentist
"Jansen S & Trischuk B W Drs","306-782-1224","520C Broadway Street West , YORKTON , SK S3N 0P3","www.3067821224.yp.ca",,dentist
"Janzen Eunice M Dr Dentist","306-955-1882","3502 Taylor Street East , SASKATOON , SK S7H 5H9","www.3069551882.yp.ca",,dentist
"Janzen J Dr","306-763-7227","","www.3067637227.yp.ca",,dentist
"Janzen J Dr","306-763-7841","Carlton Crt Plaza , Prince Albert , SK ","www.3067637841.yp.ca",,dentist
"Janzen J Dr Dentist","306-763-7841","Carlton Crt Plaza , PRINCE ALBERT , SK S6V 0A1","www.3067637841.yp.ca",,dentist
"Jarotski Todd Dr","306-384-2297","1120 Morgan Avenue , Saskatoon , SK S7H 2R7","www.3063842297.yp.ca",,dentist
"Jarotski Todd Dr Orthodontist","306-384-2297","3120 8th Street East , SASKATOON , SK S7H 0W2","www.3063842297.yp.ca",,dentist
"Jarotski Wendy Dr Dentist","306-374-8300","2105 8th St E , SASKATOON , SK S7H 0T8","www.3063748300.yp.ca",,dentist
"Jen Stephen Dental Prof Corp & Zak E W & Woo Doug De","306-975-0328","402 Cn Towers , SASKATOON , SK S7K 1J5","www.3069750328.yp.ca",,dentist
"Johnson Don C Dr Dentist","306-664-6660","310 Idylwyld Drive North , SASKATOON , SK S7L 0Z2","www.3066646660.yp.ca",,dentist
"Johnson G W & Churchill Stacie Drs","306-445-4116","1711 91st Street , North Battleford , SK S9A 0A6","www.3064454116.yp.ca",,dentist
"Johnstone Clay Dr Pc","306-482-3353","119 Broadway St , CARNDUFF , SK S0C 0S0","www.3064823353.yp.ca",,dentist
"Johnstone Clayton Dr P C Dentist","306-453-6346","In Cornerstone Plaza Hwy 13 , CARLYLE , SK S0C 0R0","www.3064536346.yp.ca",,dentist
"Junek Jack D Dr","306-782-2727","35 Broadway Street East , Yorkton , SK S3N 0K4","www.3067822727.yp.ca",,dentist
"Junek Jack D Dr","306-786-4244","","www.3067864244.yp.ca",,dentist
"Junek Jack D Dr Dentist","306-782-2727","35 Broadway Street East , YORKTON , SK S3N 0K4","www.3067822727.yp.ca",,dentist
"Jun Sungho Dr","306-352-9966","3032 13th Avenue , Regina , SK S4T 1N9","www.3063529966.yp.ca",,dentist
"Karasin A J Thomas D G Gattinger M W Drs","306-757-8617","4125 Albert Street , Regina , SK S4S 3R6","www.3067578617.yp.ca",,dentist
"Karasin A J Thomas D G Gattinger M W Drs Dental Prof","306-757-8617","4125 Albert Street , REGINA , SK S4S 3R6","www.3067578617.yp.ca",,dentist
"Katz R Dr Physician North Regina Medical & Dental Cl","306-924-1494","235B Albert Street North , REGINA , SK S4R 3C2","www.3069241494.yp.ca",,dentist
"Katz Roy A Dr Dentist","306-352-9966","3032 13th Avenue , REGINA , SK S4T 1N9","www.3063529966.yp.ca",,dentist
"Kelley T & Dangstorp D C & Mah D Drs Lakeshore Denta","306-775-2767","1380 23rd Avenue , REGINA , SK S4S 3S5","www.3067752767.yp.ca",,dentist
"Kelley T & Dangstorp D C & Mah D Drs Northgate Denta","306-775-2767","Northgate Mall , REGINA , SK S4N 0A1","www.3067752767.yp.ca",,dentist
"Kelvington Dental Clinic","306-327-5365","7-201 Main St , Kelvington , SK S0A 1W0","www.3063275365.yp.ca",,dentist
"Kenderdine Dental Centre","306-978-6588","1-50 Kenderdine Road , Saskatoon , SK S7N 3A1","www.3069786588.yp.ca",,dentist
"Kenderdine Dental Centre","306-978-6587","","www.3069786587.yp.ca",,dentist
"Kennedy K R Dr Dentist","306-773-2366","1080 2nd Avenue SE , SWIFT CURRENT , SK S9H 4G1","www.3067732366.yp.ca",,dentist
"Kerry U Joel Dr Dentist","306-374-8737","3130 8th Street East , SASKATOON , SK S7H 0W2","www.3063748737.yp.ca",,dentist
"Kilduff Brian Dr Dentist","306-374-2929","1526 8th Street East , SASKATOON , SK S7H 0T3","www.3063742929.yp.ca",,dentist
"Kindersley Dental Clinic","306-463-2600","109 1 St Ave W , Kindersley , SK ","www.3064632600.yp.ca",,dentist
"Kindersley Dental Clinic","306-463-2600","109 1st Ave W , Kindersley , SK S0L 1S0","www.3064632600.yp.ca",,dentist
"Kipling Dental Clinic","306-736-2433","525 Main St , Kipling , SK S0G 2S0","www.3067362433.yp.ca",,dentist
"Klassen Melinda M Dr Dentist","306-773-0664","Swift Current Mall 207 1 Springs D , SWIFT CURRENT , SK S9H 3X6","www.3067730664.yp.ca",,dentist
"Knight N Dr Dentist","306-463-2600","109 1st Ave W , Kindersley , SK S0L 1S0","www.3064632600.yp.ca",,dentist
"Knoblauch B A","306-352-2742","2435E Quance Street , REGINA , SK S4V 2X8","www.3063522742.yp.ca",,dentist
"Knoblauch B A & Knoblauch W G Drs","306-352-2742","2435E Quance Street , Regina , SK S4V 2X8","www.3063522742.yp.ca",,dentist
"Koeberlin D Dr","306-764-4144","1403 Central Ave , PRINCE ALBERT , SK S6V 7J4","www.3067644144.yp.ca",,dentist
"Koeberlin Denise Dr","306-747-2555","104 1 St Ave W , Shellbrook , SK S0J 2E0","www.3067472555.yp.ca",,dentist
"Kolar Dental Office","306-764-6072","145 21st Street West , Prince Albert , SK S6V 4H8","www.3067646072.yp.ca",,dentist
"Kolbinson D A Dr Oral Medicine","306-966-5105","Saskatoon , SK S7H 0A1","www.3069665105.yp.ca",,dentist
"Komiyama K Dr","306-966-5143","U Of S Dental Clinic , Saskatoon , SK ","www.3069665143.yp.ca",,dentist
"Komiyama K Dr","306-966-5142","","www.3069665142.yp.ca",,dentist
"Komiyama K Dr Dentist","306-966-5142","Saskatoon , SK S7H 0A1","www.3069665142.yp.ca",,dentist
"Komiyama K Dr Dentist","306-966-5143","Saskatoon , SK S7H 0A1","www.3069665143.yp.ca",,dentist
"Konchak P A Dr","306-966-5107","U Of S , Saskatoon , SK ","www.3069665107.yp.ca",,dentist
"Konchak Peter Dr","306-584-8555","400-4002 Pasqua Street , Regina , SK S4S 6X2","www.3065848555.yp.ca",,dentist
"Konchak Peter Dr Dental Pc Inc Certified Specialist","306-359-7077","2022 Cornwall Street , REGINA , SK S4P 2K5","www.3063597077.yp.ca",,dentist
"Kondrashova Svetlana Dr","306-634-5515","1322 3rd Street , Estevan , SK S4A 0S2","www.3066345515.yp.ca",,dentist
"Koneru A Fragatta K Harder L Pierce T Drs","306-445-8833","1251 100th Street , NORTH BATTLEFORD , SK S9A 0V6","www.3064458833.yp.ca",,dentist
"Konotopetz Greg L Dr","306-584-2833","3291 Quance Street East , Regina , SK S4V 3B7","www.3065842833.yp.ca",,dentist
"Konotopetz Greg L Dr Dentist","306-584-2833","3291 Quance Street , REGINA , SK S4V 3B7","www.3065842833.yp.ca",,dentist
"Korol S M Houseman R G & Bazylak A D Drs","306-664-2525","630 2nd Avenue North , SASKATOON , SK S7K 2C8","www.3066642525.yp.ca",,dentist
"Kosloski R E Dr Dentist","306-352-6218","1910 12th Avenue , REGINA , SK S4P 4J6","www.3063526218.yp.ca",,dentist
"Kosloski Robert Dr","306-352-6218","552 University Park Drive , Regina , SK S4V 2Z3","www.3063526218.yp.ca",,dentist
"Kost Gregory M Dr","306-665-0600","340-140 Wall Street , Saskatoon , SK S7K 1N4","www.3066650600.yp.ca",,dentist
"Kost Gregory M Dr Dentist","306-665-0600","140 Wall Street , Saskatoon , SK S7K 1N4","www.3066650600.yp.ca",,dentist
"Kovach Richard J Dr","306-584-2125","400-4002 Pasqua Street , Regina , SK S4S 6X2","www.3065842125.yp.ca",,dentist
"Kowbel F P Dr","306-728-5002","158 3rd Ave W , Melville , SK S0A 2P0","www.3067285002.yp.ca",,dentist
"Kowbel F P Dr Dentist","306-728-5002","158 3rd Ave W , MELVILLE , SK S0A 2P0","www.3067285002.yp.ca",,dentist
"Kozicki-Belyk Lynn Dr Dentist","306-522-2934","2603E Star Lite Street , REGINA , SK S4V 3E1","www.3065222934.yp.ca",,dentist
"Kriel Louie Dr","306-763-8717","Prince Albert , SK S6V 0A1","www.3067638717.yp.ca",,dentist
"Kriel Louie Dr","306-763-8717","","www.3067638717.yp.ca",,dentist
"Kriel Louie Dr","306-763-6445","681 15th Street West , Prince Albert , SK S6V 7H9","www.3067636445.yp.ca",,dentist
"Ku Bernard Dr","306-736-8413","","www.3067368413.yp.ca",,dentist
"Ku Bernard Dr","306-736-2433","525 Main St , Kipling , SK S0G 2S0","www.3067362433.yp.ca",,dentist
"Ku Bernard Dr Dentist","306-736-2433","525 Main St , Kipling , SK S0G 2S0","www.3067362433.yp.ca",,dentist
"Kudryk Joanne Haunsperger Chris Pappas Connie Drs De","306-652-0120","100 310 21st St E , SASKATOON , SK S7K 1M7","www.3066520120.yp.ca",,dentist
"Kudryk K G Dr & Wilson J A Dr","306-374-4181","1121 Louise Avenue , SASKATOON , SK S7H 2P8","www.3063744181.yp.ca",,dentist
"Kurji Kahra Dr Dentist","306-665-6665","3301 8th St E , SASKATOON , SK S7H 5K5","www.3066656665.yp.ca",,dentist
"Kurz Perry Dr Prof Corp","306-244-1515","502-119 4th Avenue South , Saskatoon , SK S7K 5X2","www.3062441515.yp.ca",,dentist
"Kushneriuk Jeff Dr","306-764-1882","11-2685 2nd Avenue West , Prince Albert , SK S6V 5E3","www.3067641882.yp.ca",,dentist
"Kushneriuk Jeff & Winsor-Lee Paula Drs","306-764-1882","2685 2nd Avenue West , PRINCE ALBERT , SK S6V 5E3","www.3067641882.yp.ca",,dentist
"Kutsogiannis E Dr","306-652-2341","519-750 Spadina Crescent East , Saskatoon , SK S7K 3H3","www.3066522341.yp.ca",,dentist
"Kutsogiannis E Dr Dentist","306-652-2341","750 Spadina Cres E , SASKATOON , SK S7K 3H3","www.3066522341.yp.ca",,dentist
"Kutsogiannis E Dr Dentist","306-652-2341","Saskatoon , SK S7H 0A1","www.3066522341.yp.ca",,dentist
"Laberge Dental Clinic","306-648-4500","619 Main St N , GRAVELBOURG , SK S0H 1X0","www.3066484500.yp.ca",,dentist
"Lacoursiere R Starzynski M R White B E Drs","306-652-8575","801 Cn Towers , SASKATOON , SK S7K 1J5","www.3066528575.yp.ca",,dentist
"Lacoursiere R Starzynski M R White B E Drs","306-244-2937","Saskatoon , SK S7H 0A1","www.3062442937.yp.ca",,dentist
"Lakeshore Dental","306-775-2767","1380 23rd Avenue , REGINA , SK S4S 3S5","www.3067752767.yp.ca",,dentist
"Lakeshore Dental","306-791-0790","Regina , SK S4N 0A1","www.3067910790.yp.ca",,dentist
"Lakeview Dental Office","306-955-1882","3502 Taylor Street East , SASKATOON , SK S7H 5H9","www.3069551882.yp.ca",,dentist
"Lakeview Square Dental Office","306-955-2555","1945 Mckercher Dr , SASKATOON , SK S7J 4M4","www.3069552555.yp.ca",,dentist
"Lalli Parm Dr","306-244-5515","1001D The Tower At Midtown , Saskatoon , SK S7K 1J5","www.3062445515.yp.ca",,dentist
"Lalli Parm Dr","306-934-6747","","www.3069346747.yp.ca",,dentist
"Lalli Parm Dr Orthodontist","306-244-5515","21-105 21st Street East , Saskatoon , SK S7K 0B3","www.3062445515.yp.ca",,dentist
"Landmark Dental Office","306-949-1626","4168 Albert Street , Regina , SK S4S 3R8","www.3069491626.yp.ca",,dentist
"Lange Terrance D Dr","306-763-4359","Prince Albert , SK S6V 0A1","www.3067634359.yp.ca",,dentist
"Lange Terrance D Dr","306-763-4333","111-2805 6th Avenue East , Prince Albert , SK S6V 6Z6","www.3067634333.yp.ca",,dentist
"Lanigan D Dr Oral & Maxillofacial Surgeon","306-652-9454","201 Cn Towers , SASKATOON , SK S7K 1J5","www.3066529454.yp.ca",,dentist
"Lanoie Linea R Dr","306-765-8870","1492D 7th Street East , PRINCE ALBERT , SK S6V 0V4","www.3067658870.yp.ca",,dentist
"Larson L D Roland G K & Dodds D A Drs Dentists","306-789-2330","332 University Park Drive , REGINA , SK S4V 0Y8","www.3067892330.yp.ca",,dentist
"Lawson Dental","306-933-3233","Saskatoon , SK S7H 0A1","www.3069333233.yp.ca",,dentist
"Lawson Dental","306-933-3233","The Mall At Lawson Heights , Saskatoon , SK ","www.3069333233.yp.ca",,dentist
"Lawson Dental","306-931-7861","","www.3069317861.yp.ca",,dentist
"Lazurko Mark Dr Dentist","306-692-1888","54 Ominica Street West , MOOSE JAW , SK S6H 1W9","www.3066921888.yp.ca",,dentist
"Lazurko Mark Dr Dentist","306-693-0755","54 Ominica Street West , MOOSE JAW , SK S6H 1W9","www.3066930755.yp.ca",,dentist
"Lee-Knight Todd C Dr Orthodontist","306-773-1213","350 Cheadle Street West , SWIFT CURRENT , SK S9H 4G3","www.3067731213.yp.ca",,dentist
"Lefebvre M D Dr Dentist","306-545-7455","4507 Rochdale Boulevard , REGINA , SK S4X 4R3","www.3065457455.yp.ca",,dentist
"Levitsky D L Dr Family Dentistry","306-522-3632","3966 Albert Street , REGINA , SK S4S 3R1","www.3065223632.yp.ca",,dentist
"Lewis V G Dr Dentist North Regina Dental Clinic","306-924-1494","235B Albert Street North , REGINA , SK S4R 3C2","www.3069241494.yp.ca",,dentist
"Linden Square Dental Office","306-786-7777","6-385 Broadway Street East , Yorkton , SK S3N 3Z3","www.3067867777.yp.ca",,dentist
"Livingstone J A Dr Dentist","306-384-7191","3310 Fairlight Dr , SASKATOON , SK S7M 4Z1","www.3063847191.yp.ca",,dentist
"Livingstone Michele Dr","306-584-8777","3936 Gordon Road , Regina , SK S4S 6Y3","www.3065848777.yp.ca",,dentist
"Livingstone Michele Dr","306-584-3883","","www.3065843883.yp.ca",,dentist
"Livingstone Michele Dr Albert Park Dental Clinic","306-584-8777","3936 Gordon Road , REGINA , SK S4S 6Y3","www.3065848777.yp.ca",,dentist
"Lloyd Dental Centre","306-825-4440","5303 50 Avenue , Lloydminster , SK S9V 0P9","www.3068254440.yp.ca",,dentist
"Louie Paul Dr Dentist","306-934-1177","227 Primrose Drive , SASKATOON , SK S7K 5E4","www.3069341177.yp.ca",,dentist
"Louie Paul W Dr","306-955-1882","206-3502 Taylor Street East , Saskatoon , SK S7H 5H9","www.3069551882.yp.ca",,dentist
"Lulic-Krajac D Dr & Der Alvin Dr","306-584-8115","200-4010 Pasqua Street , Regina , SK S4S 7B9","www.3065848115.yp.ca",,dentist
"Lulic-Krajac D Dr & Der Alvin Dr Dentists","306-584-8115","4010 Pasqua St , REGINA , SK S4S 7B9","www.3065848115.yp.ca",,dentist
"LVI Dentistry","1-866-829-3524","","www.8668293524.yp.ca",,dentist
"MacLennan M D Dr","306-966-5066","U Of S Dental Clinic , Saskatoon , SK ","www.3069665066.yp.ca",,dentist
"Maclennan Myles Dr Oral & Maxillofacial Surgeon","306-652-9454","201 Cn Towers , SASKATOON , SK S7K 1J5","www.3066529454.yp.ca",,dentist
"Macpherson John S Dr Dentist","306-664-1902","123 2nd Ave S , SASKATOON , SK S7K 7E6","www.3066641902.yp.ca",,dentist
"Mahan Edward Dr Dentist","306-955-2555","1945 Mckercher Dr , SASKATOON , SK S7J 4M4","www.3069552555.yp.ca",,dentist
"Mah D & Dangstorp D C & Kelley T Drs Lakeshore Denta","306-775-2767","1380 23rd Avenue , REGINA , SK S4S 3S5","www.3067752767.yp.ca",,dentist
"Mah D & Dangstorp D C & Kelley T Drs Northgate Denta","306-775-2767","Regina , SK S4N 0A1","www.3067752767.yp.ca",,dentist
"Main Street Dental Clinic","306-692-6438","636 Main Street North , Moose Jaw , SK S6H 3K4","www.3066926438.yp.ca",,dentist
"Main Street Dental Clinic","306-692-3177","Moose Jaw , SK S6H 0A1","www.3066923177.yp.ca",,dentist
"Main Street Dental Clinic","306-692-3177","","www.3066923177.yp.ca",,dentist
"Makar A Dr Family Physician","306-924-1494","235B Albert Street North , REGINA , SK S4R 3C2","www.3069241494.yp.ca",,dentist
"Malaxos Dany Dr","306-425-2033","916 La Ronge Ave , La Ronge , SK S0J 1L0","www.3064252033.yp.ca",,dentist
"Malaxos Dany Dr Dentist","306-425-2033","916 La Ronge Ave , LA RONGE , SK S0J 1L0","www.3064252033.yp.ca",,dentist
"Mang Barry & Mang Allison Drs","306-565-3260","","www.3065653260.yp.ca",,dentist
"Mang Barry & Mang Allison Drs","306-359-6661","450-2550 15th Avenue , Regina , SK S4P 1A5","www.3063596661.yp.ca",,dentist
"Mang Barry & Mang Allison Drs Dentists","306-359-6661","2550 15th Ave , REGINA , SK S4P 1A5","www.3063596661.yp.ca",,dentist
"Mansour Stephen P Dr","306-525-3555","800-4010 Pasqua Street , Regina , SK S4S 7B9","www.3065253555.yp.ca",,dentist
"Mansour Stephen P Dr Orthodontist","306-525-3555","4010 Pasqua St , REGINA , SK S4S 7B9","www.3065253555.yp.ca",,dentist
"Markewich Len & Soutar Scott Drs Dentists","306-924-0880","6803 Rochdale Boulevard , REGINA , SK S4X 2Z2","www.3069240880.yp.ca",,dentist
"Marquis Dental Group Prof Corp","306-652-0120","100-310 21st Street East , Saskatoon , SK S7K 1M7","www.3066520120.yp.ca",,dentist
"Marquis Dental Group Prof Corp","306-652-4131","","www.3066524131.yp.ca",,dentist
"Martensville Dental Clinic","306-934-4446","Gateway Plaza Martensville , Saskatoon , SK ","www.3069344446.yp.ca",,dentist
"Martensville Dental Clinic","306-934-4446","Gateway Plaza , MARTENSVILLE , SK S0K 2T0","www.3069344446.yp.ca",,dentist
"Martensville Dental Clinic","306-934-3170","","www.3069343170.yp.ca",,dentist
"Martin Ron Dr","306-332-6490","740 Sioux Ave S , Fort Qu'Appelle , SK S0G 1S0","www.3063326490.yp.ca",,dentist
"Martin Ron Dr Family Dentistry","306-332-6490","740 Sioux Ave S , FORT QU'APPELLE , SK S0G 1S0","www.3063326490.yp.ca",,dentist
"Mceown Avenue Dental Clinic","306-374-1532","Saskatoon , SK S7H 0A1","www.3063741532.yp.ca",,dentist
"McEown Avenue Dental Clinic","306-374-1522","2305 McEown Avenue , Saskatoon , SK S7J 2H1","www.3063741522.yp.ca",,dentist
"McEown Avenue Dental Clinic","306-374-1532","","www.3063741532.yp.ca",,dentist
"Mckechnie W M Dr Dentist","306-773-7564","Swift Current , SK S9H 0A1","www.3067737564.yp.ca",,dentist
"Mckechnie W M Dr Dentist","306-778-9100","276 2nd Avenue NE , SWIFT CURRENT , SK S9H 2C8","www.3067789100.yp.ca",,dentist
"Mcmeekin George Dr Dentist","306-554-3955","219 Bosworth St , WYNYARD , SK S0A 4T0","www.3065543955.yp.ca",,dentist
"Meadow Lake Dental Clinic","306-236-5370","","www.3062365370.yp.ca",,dentist
"Meadow Lake Dental Clinic","306-236-3707","402 1st Street West , Meadow Lake , SK S9X 1E5","www.3062363707.yp.ca",,dentist
"Medical Mart","1-800-268-2848","","www.medimart.com","store@medimart.com",dentist
"Meier D J Dr","306-242-4588","800 Spadina Crescent East , Saskatoon , SK S7K 3H4","www.3062424588.yp.ca",,dentist
"Melfort Dental Group","306-752-2266","810 Main St , Melfort , SK S0E 1A0","www.3067522266.yp.ca",,dentist
"Melfort Dental Group","306-752-5994","","www.3067525994.yp.ca",,dentist
"Meyer Brian Dr Dentist","306-934-4446","Gateway Plaza , MARTENSVILLE , SK S0K 2T0","www.3069344446.yp.ca",,dentist
"Meyers C R Dr","306-953-8371","Prince Albert , SK S6V 0A1","www.3069538371.yp.ca",,dentist
"Meyers C R Dr","306-764-4755","Carlton Crt Plaza , PRINCE ALBERT , SK S6V 0A1","www.3067644755.yp.ca",,dentist
"Meyers C R Dr","306-764-4755","Carlton Crt Plaza , Prince Albert , SK ","www.3067644755.yp.ca",,dentist
"Meyers C R Dr","306-953-8371","","www.3069538371.yp.ca",,dentist
"Midtown Dental Clinic","306-652-8575","801 Cn Towers , SASKATOON , SK S7K 1J5","www.3066528575.yp.ca",,dentist
"Moe Nina Dr Dentist","306-249-6505","2605 Broadway Ave , SASKATOON , SK S7J 0Z5","www.3062496505.yp.ca",,dentist
"Mokleby T Dr Dentist","306-764-1771","20 14th St W , Prince Albert , SK S6V 3K8","www.3067641771.yp.ca",,dentist
"Monteith J Dr Dentist","306-966-5103","Dental Clinic U Of S , SASKATOON , SK S7H 0A1","www.3069665103.yp.ca",,dentist
"Monteith J Dr Dentist","306-966-5105","Saskatoon , SK S7H 0A1","www.3069665105.yp.ca",,dentist
"Moosomin Dental Center","306-435-3330","602 Birtle St , MOOSOMIN , SK S0G 3N0","www.3064353330.yp.ca",,dentist
"Moosomin Dental Clinic","306-435-3080","903 Broadway Ave , Moosomin , SK S0G 3N0","www.3064353080.yp.ca",,dentist
"Morrison R J Dr","306-244-8515","9-415 115th Street East , Saskatoon , SK S7N 2X9","www.3062448515.yp.ca",,dentist
"Morrow C Dr Dentist","306-773-9355","321 Central Avenue North , SWIFT CURRENT , SK S9H 0L5","www.3067739355.yp.ca",,dentist
"Morton K Dr","306-374-3266","1121 Louise Avenue , Saskatoon , SK S7H 2P8","www.3063743266.yp.ca",,dentist
"Morton K Dr Dentist","306-374-3266","1121 Louise Avenue , SASKATOON , SK S7H 2P8","www.3063743266.yp.ca",,dentist
"Morton K Dr Dentist","306-374-1662","Dental Clinic , SASKATOON , SK S7H 0A1","www.3063741662.yp.ca",,dentist
"Moulding M B Dr","306-966-5105","Saskatoon , SK S7H 0A1","www.3069665105.yp.ca",,dentist
"Moulding M B Dr","306-966-5086","U Of S , Saskatoon , SK ","www.3069665086.yp.ca",,dentist
"Moyer W L (Bill) Dr","306-359-7868","2619E Star Lite Street , Regina , SK S4V 3E1","www.3063597868.yp.ca",,dentist
"Moyer W L Dr Dentist","306-359-7868","2619E Star Lite Street , REGINA , SK S4V 3E1","www.3063597868.yp.ca",,dentist
"Mullen R Mark Dr Dentist","306-692-4050","895 9th Avenue NW , MOOSE JAW , SK S6H 4J3","www.3066924050.yp.ca",,dentist
"Nattrass M J Dr","306-525-0116","550-2010 11th Avenue , Regina , SK S4P 0J3","www.3065250116.yp.ca",,dentist
"Nattrass M J Dr Dentist","306-525-0116","2010 11th Avenue , REGINA , SK S4P 0J3","www.3065250116.yp.ca",,dentist
"Needham Errol Dr Dentist","306-664-3555","401 Cn Towers , Saskatoon , SK S7K 1J5","www.3066643555.yp.ca",,dentist
"Neesh Dental Prof Corp","306-665-8414","110-128 4th Avenue South , Saskatoon , SK S7K 1M8","www.3066658414.yp.ca",,dentist
"Neesh Dental Prof Corp","306-244-5474","","www.3062445474.yp.ca",,dentist
"Neudorf Kim Dr","306-757-1080","Regina , SK ","www.3067571080.yp.ca",,dentist
"Neufeld Bev Dr","306-781-7373","3125H East Woodhams Dr , Regina , SK ","www.3067817373.yp.ca",,dentist
"Neufeld Bev Dr Dentist","306-781-7373","3125h Woodhams Dr E , REGINA , SK S4N 0A1","www.3067817373.yp.ca",,dentist
"Neuvenheim R Dr","306-297-2659","492 Centre St , SHAUNAVON , SK S0N 2M0","www.3062972659.yp.ca",,dentist
"Nguyen D I Dr Family Dentistry","306-522-3632","3966 Albert Street , REGINA , SK S4S 3R1","www.3065223632.yp.ca",,dentist
"Normanview Dental Clinic","306-924-8406","Regina , SK S4N 0A1","www.3069248406.yp.ca",,dentist
"Normanview Dental Clinic","306-924-8407","Regina , SK S4N 0A1","www.3069248407.yp.ca",,dentist
"Normanview Dental Clinic","306-924-8409","Regina , SK S4N 0A1","www.3069248409.yp.ca",,dentist
"Northend Dental","306-934-1177","150-227 Primrose Drive , Saskatoon , SK S7K 5E4","www.3069341177.yp.ca",,dentist
"Northgate Dental Clinic","306-775-3737","Northgate Mall , REGINA , SK S4N 0A1","www.3067753737.yp.ca",,dentist
"Northgate Dental Clinic","306-775-2737","Regina , SK S4N 0A1","www.3067752737.yp.ca",,dentist
"Northgate Dental Clinic","306-775-2767","Regina , SK S4N 0A1","www.3067752767.yp.ca",,dentist
"Northgate Dental Clinic","306-791-0790","Regina , SK S4N 0A1","www.3067910790.yp.ca",,dentist
"Northgate Dental Clinic","306-949-4106","Regina , SK S4N 0A1","www.3069494106.yp.ca",,dentist
"North Regina Dental Clinic","306-924-1494","235B Albert Street North , REGINA , SK S4R 3C2","www.3069241494.yp.ca",,dentist
"North Regina Medical & Dental Clinic","306-924-1494","235B Albert Street North , REGINA , SK S4R 3C2","www.3069241494.yp.ca",,dentist
"North Regina Medical & Dental Clinic","306-924-1494","Regina , SK S4N 0A1","www.3069241494.yp.ca",,dentist
"Nutana Eastside Emergency Dental Clinic","306-374-1662","1121 Louise Avenue , SASKATOON , SK S7H 2P8","www.3063741662.yp.ca",,dentist
"Oleksyn Carolynn Dr Dentist","306-955-8011","705 Central Ave , SASKATOON , SK S7H 0A1","www.3069558011.yp.ca",,dentist
"Olson Bernard Dr Sutherland Dental Group","306-955-8011","705 Central Ave , SASKATOON , SK S7H 0A1","www.3069558011.yp.ca",,dentist
"Onishenko Tyler Dr Dentist","306-665-6665","3301 8th St E , SASKATOON , SK S7H 5K5","www.3066656665.yp.ca",,dentist
"Orr Glenda Dr Dentist","306-665-6665","3301 8th St E , SASKATOON , SK S7H 5K5","www.3066656665.yp.ca",,dentist
"Orthner L D & Bailey D H Drs","306-463-4661","112 2nd Ave E , KINDERSLEY , SK S0L 1S0","www.3064634661.yp.ca",,dentist
"Orthodontists of Southern Alberta","1-866-717-2402","","www.orthodontistsofsouthernalberta.com",,dentist
"Otero F Dr Periodontist","306-966-5069","Dental Clinic U Of S , SASKATOON , SK S7H 0A1","www.3069665069.yp.ca",,dentist
"Otero F Dr Periodontist","306-966-5105","Saskatoon , SK S7H 0A1","www.3069665105.yp.ca",,dentist
"Outlook Dental Clinic","306-867-8226","305 Franklin St , Outlook , SK S0L 2N0","www.3068678226.yp.ca",,dentist
"Outlook Dental Clinic","306-374-8300","Saskatoon , SK S7H 0A1","www.3063748300.yp.ca",,dentist
"Outlook Dental Clinic","306-867-8226","305 Franklin Crescent , SASKATOON , SK S7J 5G5","www.3068678226.yp.ca",,dentist
"Oxford Dental Clinic","306-862-4515","109 Centre St , Nipawin , SK S0E 1E0","www.3068624515.yp.ca",,dentist
"Pacific Ave Dental Clinic","306-244-8788","149 Pacific Avenue , SASKATOON , SK S7K 1N8","www.3062448788.yp.ca",,dentist
"Packham Avenue Dental","306-651-7368","","www.3066517368.yp.ca",,dentist
"Packham Avenue Dental","306-651-7366","116-335 Packham Avenue , Saskatoon , SK S7N 4S1","www.3066517366.yp.ca",,dentist
"Packota G V Dr Radiologist","306-966-5068","Dental Clinic U Of S , SASKATOON , SK S7H 0A1","www.3069665068.yp.ca",,dentist
"Packota G V Dr Radiologist","306-966-5105","Saskatoon , SK S7H 0A1","www.3069665105.yp.ca",,dentist
"Pappas Connie Haunsperger Chris Kudryk Joanne Drs","306-652-0120","100 310 21st St E , SASKATOON , SK S7K 1M7","www.3066520120.yp.ca",,dentist
"Parkland Dental Centre","306-236-5251","Meadow Lake , SK ","www.3062365251.yp.ca",,dentist
"Pasqua South Oral Health Clinic Dentists","306-584-2125","4002 Pasqua Street , REGINA , SK S4S 6X2","www.3065842125.yp.ca",,dentist
"Patel Mina Dr Dentist","306-789-5959","2223 Victoria Ave E , REGINA , SK S4N 6E4","www.3067895959.yp.ca",,dentist
"Penkala Mike Dr Dentist","306-565-3500","552 University Park Drive , REGINA , SK S4V 2Z3","www.3065653500.yp.ca",,dentist
"Penkala Robb Dr Dentist Westend Dental","306-978-1700","3110 Laurier Drive , SASKATOON , SK S7L 5J7","www.3069781700.yp.ca",,dentist
"Phen Stephen Dr Dentist","306-525-5819","Cornwall Centre , REGINA , SK S4N 0A1","www.3065255819.yp.ca",,dentist
"Piche Stefan M Dr Dentists","306-584-2125","4002 Pasqua Street , REGINA , SK S4S 6X2","www.3065842125.yp.ca",,dentist
"Piecowye Les A Dr","306-665-0777","340-140 Wall Street , Saskatoon , SK S7K 1N4","www.3066650777.yp.ca",,dentist
"Piecowye Les A Dr Dentist","306-665-0777","3401140 Wall St , SASKATOON , SK S7K 1N4","www.3066650777.yp.ca",,dentist
"Pierce T Harder L Fragatta K Koneru A Drs","306-445-8833","1251 100th Street , NORTH BATTLEFORD , SK S9A 0V6","www.3064458833.yp.ca",,dentist
"Pierce Tim Dr Dentist","306-955-8011","705 Central Ave , SASKATOON , SK S7H 0A1","www.3069558011.yp.ca",,dentist
"Pinehouse Dental Office","306-933-0466","129A Pinehouse Drive , Saskatoon , SK S7K 5W1","www.3069330466.yp.ca",,dentist
"Pleasant Hill Dental Centre","306-978-3384","1512 20th Street West , Saskatoon , SK S7M 0Z6","www.3069783384.yp.ca",,dentist
"Pleasant Hill Dental Centre","306-652-2341","Saskatoon , SK S7H 0A1","www.3066522341.yp.ca",,dentist
"Plosz David Dr","306-373-3245","Saskatoon , SK S7H 0A1","www.3063733245.yp.ca",,dentist
"Plosz David Hamilton Keith Hamilton Ian Drs","306-374-7272","3421 8th Street East , SASKATOON , SK S7H 0W5","www.3063747272.yp.ca",,dentist
"Poitras Peter M Dr","306-522-9192","1868 Rose Street , Regina , SK S4P 3Y9","www.3065229192.yp.ca",,dentist
"Poitras Peter M Dr Dentist","306-522-9192","1868 Rose Street , Regina , SK S4P 3Y9","www.3065229192.yp.ca",,dentist
"Pollock Melanie M Dr Dentist","306-664-5005","407D 1st Avenue North , SASKATOON , SK S7K 1X5","www.3066645005.yp.ca",,dentist
"Povey Don Dr","306-522-7636","","www.3065227636.yp.ca",,dentist
"Povey Don Dr","306-522-3634","2607E Star Lite Street , Regina , SK S4V 3E1","www.3065223634.yp.ca",,dentist
"Povey Don Dr Periodontist","306-522-3634","2607E Star Lite Street , REGINA , SK S4V 3E1","www.3065223634.yp.ca",,dentist
"Prairie Dental Clinic","306-359-7707","2109 Retallack Street , Regina , SK S4T 2K5","www.3063597707.yp.ca",,dentist
"Preeceville Dental Clinic","306-327-5365","Kelvington , SK S0A 1W0","www.3063275365.yp.ca",,dentist
"Preeceville Dental Clinic","306-547-2808","319 Main St N , Preeceville , SK S0A 3B0","www.3065472808.yp.ca",,dentist
"Prestie Beesley & Lazurko Drs","306-693-0755","54 Ominica Street West , MOOSE JAW , SK S6H 1W9","www.3066930755.yp.ca",,dentist
"Prestie Mike Dr Dentist","306-692-1888","54 Ominica Street West , MOOSE JAW , SK S6H 1W9","www.3066921888.yp.ca",,dentist
"Prestie Mike Dr Dentist","306-693-0755","54 Ominica Street West , MOOSE JAW , SK S6H 1W9","www.3066930755.yp.ca",,dentist
"Primrose Dental","306-955-9256","234 Primrose Drive , SASKATOON , SK S7K 6Y6","www.3069559256.yp.ca",,dentist
"Prince Albert School Dental Program","306-763-3940","Queen Mary School , PRINCE ALBERT , SK S6V 0A1","www.3067633940.yp.ca",,dentist
"Prokopishin W & F Drs Dentists","306-682-2313","617 7th St , Humboldt , SK S0K 2A0","www.3066822313.yp.ca",,dentist
"Puchala Floyd Dr Dentist","306-786-7777","385 Broadway St E , YORKTON , SK S3N 3Z3","www.3067867777.yp.ca",,dentist
"Radomsky E N","306-586-6077","4002 Pasqua Street , REGINA , SK S4S 6X2","www.3065866077.yp.ca",,dentist
"Radue John Dr","306-883-2115","301 Main St , Spiritwood , SK S0J 2M0","www.3068832115.yp.ca",,dentist
"Rahmani Shahram Dr Dental Health Centre","306-842-2355","29 Coteau Ave E , Weyburn , SK ","www.3068422355.yp.ca",,dentist
"Randhawa Kiran Dr","306-664-6660","107-310 Idylwyld Drive North , Saskatoon , SK S7L 0Z2","www.3066646660.yp.ca",,dentist
"Rayburn Sherry Dr","306-445-3422","1701 100th Street , North Battleford , SK S9A 0W7","www.3064453422.yp.ca",,dentist
"Raymore Chiropractic","306-746-2231","Raymore Health Centre 806 2nd Ave , RAYMORE , SK S0A 3J0","www.3067462231.yp.ca",,dentist
"Raymore Health Centre","306-746-2231","806 2nd Ave , Raymore , SK S0A 3J0","www.3067462231.yp.ca",,dentist
"Rayner Damara Dr Dentist","306-978-6588","50 Kenderdine Road , SASKATOON , SK S7H 0A1","www.3069786588.yp.ca",,dentist
"Redden Michelle Dr Dentist","306-933-3233","The Mall At Lawson Heights , SASKATOON , SK S7H 0A1","www.3069333233.yp.ca",,dentist
"Reed Edward Dr","306-525-8250","","www.3065258250.yp.ca",,dentist
"Reed Edward Dr","306-525-3168","2328 Lorne Street , Regina , SK S4P 2M9","www.3065253168.yp.ca",,dentist
"Reed Edward Dr Dentist","306-525-3168","2328 Lorne Street , REGINA , SK S4P 2M9","www.3065253168.yp.ca",,dentist
"Reed Edward Dr Dentist","306-525-8250","2328 Lorne Street , REGINA , SK S4P 2M9","www.3065258250.yp.ca",,dentist
"Reed W Patrick Dr","306-565-2028","","www.3065652028.yp.ca",,dentist
"Reed W Patrick Dr","306-569-2236","2072 McIntyre Street , Regina , SK S4P 2R6","www.3065692236.yp.ca",,dentist
"Reed W Patrick Dr Dentist","306-565-2028","2072 McIntyre Street , REGINA , SK S4P 2R6","www.3065652028.yp.ca",,dentist
"Reed W Patrick Dr Dentist","306-569-2236","2072 McIntyre Street , REGINA , SK S4P 2R6","www.3065692236.yp.ca",,dentist
"Regina Dental Group Clinic","306-751-2000","Southland Mall , Regina , SK ","www.3067512000.yp.ca",,dentist
"Regina Dental Group Clinic","306-751-5800","","www.3067515800.yp.ca",,dentist
"Reimer Lawrence Dr Dentist","306-773-2885","276 1st Avenue NW , SWIFT CURRENT , SK S9H 0M9","www.3067732885.yp.ca",,dentist
"Remmer Ross & Cadman Kirby Drs","306-955-3677","3502 Taylor Street East , SASKATOON , SK S7H 5H9","www.3069553677.yp.ca",,dentist
"Remmer Ross & Cadman Kirby Drs Orthodontists","306-763-6353","South Hill Medical Clinic , PRINCE ALBERT , SK S6V 0A1","www.3067636353.yp.ca",,dentist
"Rieben P Dr Jr Dentist","306-764-5374","583 28th Street West , PRINCE ALBERT , SK S6V 4T1","www.3067645374.yp.ca",,dentist
"Aspen Dental","306-692-4050","895 9th Avenue NW , Moose Jaw , SK S6H 4J3","www.3066924050.yp.ca",,dentist
"Associated Midtown Dental","306-975-0328","402 Cn Towers , SASKATOON , SK S7K 1J5","www.3069750328.yp.ca",,dentist
"Associated Midtown Dental","306-975-0310","","www.3069750310.yp.ca",,dentist
"Associated Midtown Dental","306-975-0328","402 The Tower At Midtown , Saskatoon , SK ","www.3069750328.yp.ca",,dentist
"Atrium Dental","306-664-5005","407D 1st Avenue North , Saskatoon , SK S7K 1X5","www.3066645005.yp.ca",,dentist
"Atrium Dental Dentist","306-664-5005","407D 1st Avenue North , SASKATOON , SK S7K 1X5","www.3066645005.yp.ca",,dentist
"Austin R Dr","306-435-3330","602 Birtle St , Moosomin , SK S0G 3N0","www.3064353330.yp.ca",,dentist
"Austin R Dr Dentist","306-435-3330","602 Birtle St , MOOSOMIN , SK S0G 3N0","www.3064353330.yp.ca",,dentist
"Austin Rob Dr","306-435-2767","Moosomin , SK S0G 3N0","www.3064352767.yp.ca",,dentist
"Avalon Dental Clinic","306-249-6505","19-2605 Broadway Avenue , Saskatoon , SK S7J 0Z5","www.3062496505.yp.ca",,dentist
"Avalon Dental Clinic","306-249-6503","","www.3062496503.yp.ca",,dentist
"Avram D C Dr","306-584-3414","4617 Albert Street , Regina , SK S4S 6B6","www.3065843414.yp.ca",,dentist
"Avram D C Dr","306-586-0304","","www.3065860304.yp.ca",,dentist
"Bailey D H Dr Lifetime Dental","306-463-4661","112 2nd Ave E , Kindersley , SK ","www.3064634661.yp.ca",,dentist
"Bailey D H & Orthner L D Drs","306-463-4661","112 2nd Ave E , KINDERSLEY , SK S0L 1S0","www.3064634661.yp.ca",,dentist
"Bajwa S S Dr","306-543-0788","443 Albert Street , Regina , SK S4R 2P1","www.3065430788.yp.ca",,dentist
"Bajwa S S Dr Dentist","306-543-0788","443 Albert Street , REGINA , SK S4R 2P1","www.3065430788.yp.ca",,dentist
"Baker Brian Dr","306-695-3411","509 Bell St , Indian Head , SK S0G 2K0","www.3066953411.yp.ca",,dentist
"Baker Brian Dr Dentist","306-695-3411","509 Bell St , Indian Head , SK S0G 2K0","www.3066953411.yp.ca",,dentist
"Ball Albert T Dr Periodontist","306-244-2022","518 Queen Street , Saskatoon , SK S7K 0M5","www.3062442022.yp.ca",,dentist
"Barker M P Dr Dentist","306-692-6438","636 Main Street North , MOOSE JAW , SK S6H 3K4","www.3066926438.yp.ca",,dentist
"Barkman Sheldon Dr Dentist","306-978-6588","50 Kenderdine Dental Centre Kenderdin , SASKATOON , SK S7H 0A1","www.3069786588.yp.ca",,dentist
"Basarsky P Dr","306-692-9966","35 Ominica Street West , Moose Jaw , SK S6H 1W8","www.3066929966.yp.ca",,dentist
"Basarsky P Dr Dentist","306-692-9966","35 Ominica Street West , MOOSE JAW , SK S6H 1W8","www.3066929966.yp.ca",,dentist
"Battlefords Dental Group","306-445-8833","1251 100th Street , NORTH BATTLEFORD , SK S9A 0V6","www.3064458833.yp.ca",,dentist
"Battlefords Family Dental Centre","306-937-6899","102 1192 101 St St , North Battleford , SK ","www.3069376899.yp.ca",,dentist
"Battlefords Family Dental Centre","306-937-6899","1192 101st Street , NORTH BATTLEFORD , SK S9A 0Z6","www.3069376899.yp.ca",,dentist
"Baumann H W Northgate Dental Clinic","306-775-2737","Northgate Mall , REGINA , SK S4N 0A1","www.3067752737.yp.ca",,dentist
"Bazylak A D Houseman R G & Korol S M Drs","306-664-2525","630 2nd Avenue North , SASKATOON , SK S7K 2C8","www.3066642525.yp.ca",,dentist
"Bedford Square Dental","306-955-7000","9-3110 8th Street East , Saskatoon , SK S7H 0W2","www.3069557000.yp.ca",,dentist
"Rieben P Jr Dr","306-764-5374","583 28th Street West , Prince Albert , SK S6V 4T1","www.3067645374.yp.ca",,dentist
"Rieger W L Dr","306-584-8167","202-2595 Quance Street East , Regina , SK S4V 2Y8","www.3065848167.yp.ca",,dentist
"Rieger W L Dr Dentist","306-584-8167","2595 Quance Street , REGINA , SK S4V 2Y8","www.3065848167.yp.ca",,dentist
"Riekman Glenn Dr","306-882-2123","115 1 St Ave W , Rosetown , SK S0L 2V0","www.3068822123.yp.ca",,dentist
"Riverbend Dental Centre","306-446-0007","1531 100th Street , North Battleford , SK S9A 0W3","www.3064460007.yp.ca",,dentist
"Riverbend Dental Centre","306-343-6525","1030A 8th Street East , Saskatoon , SK S7H 0R9","www.3063436525.yp.ca",,dentist
"Riverbend Dental Centre","306-446-1507","","www.3064461507.yp.ca",,dentist
"Riverbend Dental Centre","306-343-1933","","www.3063431933.yp.ca",,dentist
"Riverbend Medical & Dental Clinic","306-347-2500","2735 East Quance St , Regina , SK ","www.3063472500.yp.ca",,dentist
"Roberts Cam Dr Dentist","306-374-1522","2305 McEown Avenue , SASKATOON , SK S7J 2H1","www.3063741522.yp.ca",,dentist
"Roland G K Larson L D & Dodds D A Drs","306-789-2330","332 University Park Drive , REGINA , SK S4V 0Y8","www.3067892330.yp.ca",,dentist
"Romaniuk Anthony Dr Dentist","306-692-6438","636 Main Street North , MOOSE JAW , SK S6H 3K4","www.3066926438.yp.ca",,dentist
"Rondeau P Dr","306-525-6966","","www.3065256966.yp.ca",,dentist
"Rondeau P Dr","306-359-6663","400-2550 15th Avenue , Regina , SK S4P 1A5","www.3063596663.yp.ca",,dentist
"Rondeau P Dr Dentist","306-359-6663","2550 15th Ave , REGINA , SK S4P 1A5","www.3063596663.yp.ca",,dentist
"Rose A L Dr Physician","306-924-1494","235B Albert Street North , REGINA , SK S4R 3C2","www.3069241494.yp.ca",,dentist
"Rosenhek Michael & Carley Brad Drs","306-242-5233","75 Lenore Drive , Saskatoon , SK S7K 7Y1","www.3062425233.yp.ca",,dentist
"Ross Alan S Grieman Rick B & Berger Randy P Drs","306-569-2300","300-2550 15th Avenue , Regina , SK S4P 1A5","www.3065692300.yp.ca",,dentist
"Ross Alan S Grieman Rick B & Berger Randy P Drs Oral","306-569-2300","2550 15th Ave , REGINA , SK S4P 1A5","www.3065692300.yp.ca",,dentist
"Ross Alan S Grieman Rick B & Berger Randy P Drs Oral","306-569-2300","Regina , SK S4N 0A1","www.3065692300.yp.ca",,dentist
"Rossouw L Dr Physician North Regina Dental Clinic","306-924-1494","235B Albert Street North , REGINA , SK S4R 3C2","www.3069241494.yp.ca",,dentist
"Rusteika K J Dr","306-352-6188","2905 Gordon Road , Regina , SK S4S 6H7","www.3063526188.yp.ca",,dentist
"Rusteika K J Dr Dentist","306-352-6188","2905 Gordon Road , REGINA , SK S4S 6H7","www.3063526188.yp.ca",,dentist
"Saskatoon Dental Group","306-244-8788","101-149 Pacific Avenue , Saskatoon , SK S7K 1N8","www.3062448788.yp.ca",,dentist
"Saskatoon Dental Group","306-382-5566","3-411 Confederation Drive , Saskatoon , SK S7L 5C3","www.3063825566.yp.ca",,dentist
"Saskatoon Oral & Maxillofacial Surgery Associates","306-652-9454","201 Cn Towers , SASKATOON , SK S7K 1J5","www.3066529454.yp.ca",,dentist
"Saskatoon Smiles Dental Studio","306-978-0123","1105 Central Avenue , Saskatoon , SK S7N 4J2","www.luvyoursmile.com","wesa@shaw.ca",dentist
"Saskatoon Tribal Council","306-653-7676","602 20th Street West , SASKATOON , SK S7M 0X7","www.3066537676.yp.ca",,dentist
"Schappert Dental Centre","306-343-6525","1030A 8th Street East , SASKATOON , SK S7H 0R9","www.3063436525.yp.ca",,dentist
"Schmidt Aryn Dr Dentist","306-359-3945","2550 15th Ave , REGINA , SK S4P 1A5","www.3063593945.yp.ca",,dentist
"Schmidt Aryn Dr Dentist","306-693-1064","821 1st Avenue NW , MOOSE JAW , SK S6H 3M8","www.3066931064.yp.ca",,dentist
"Schmidt Aryn Dr Dentist","306-693-3325","821 1st Avenue NW , MOOSE JAW , SK S6H 3M8","www.3066933325.yp.ca",,dentist
"Scotia Centre Dental","306-664-1902","21-123 2nd Avenue South , Saskatoon , SK S7K 7E6","www.3066641902.yp.ca",,dentist
"Second Avenue Dental","306-652-3212","173 2nd Avenue South , SASKATOON , SK S7K 1K6","www.3066523212.yp.ca",,dentist
"Shaunavon Dental Centre","306-297-2659","492 Centre St , Shaunavon , SK S0N 2M0","www.3062972659.yp.ca",,dentist
"Shavron Rosaleen Dr Dentist","306-374-8300","2105 8th St E , SASKATOON , SK S7H 0T8","www.3063748300.yp.ca",,dentist
"Simoneau M L Dr","306-752-2266","810 Main St , Melfort , SK S0E 1A0","www.3067522266.yp.ca",,dentist
"Skulmoski Ted Dr Dentist","306-922-7750","1501E Olive Diefenbaker Drive , PRINCE ALBERT , SK S6V 7P4","www.3069227750.yp.ca",,dentist
"Skulski Brian Dr Prof Corp","306-682-5071","312 Main St , Humboldt , SK S0K 2A0","www.3066825071.yp.ca",,dentist
"Slowenko Robin J Dr","306-764-4144","1403 Central Ave , Prince Albert , SK S6V 7J4","www.3067644144.yp.ca",,dentist
"Soltys Kevin Dr Dentist","306-789-5959","2223 Victoria Ave E , REGINA , SK S4N 6E4","www.3067895959.yp.ca",,dentist
"Soutar Scott & Markewich Len Drs","306-924-0880","6803 Rochdale Boulevard , Regina , SK S4X 2Z2","www.3069240880.yp.ca",,dentist
"Southey Medical Clinic","306-924-1494","Regina , SK S4N 0A1","www.3069241494.yp.ca",,dentist
"South Hill Dental Centre","306-763-6000","2995 2nd Avenue West , PRINCE ALBERT , SK S6V 5V5","www.3067636000.yp.ca",,dentist
"Southland Dental","306-352-6188","2905 Gordon Road , REGINA , SK S4S 6H7","www.3063526188.yp.ca",,dentist
"Spink Roger Dr","306-765-8870","1492D 7th Street East , PRINCE ALBERT , SK S6V 0V4","www.3067658870.yp.ca",,dentist
"Spiritwood Dental Clinic","306-883-3000","301 Main St , Spiritwood , SK S0J 2M0","www.3068833000.yp.ca",,dentist
"Stakiw J Dr Periodontist","306-966-5102","Dental Clinic U Of S , SASKATOON , SK S7H 0A1","www.3069665102.yp.ca",,dentist
"Stark Curtis R Dr Dentist","306-934-1177","227 Primrose Drive , SASKATOON , SK S7K 5E4","www.3069341177.yp.ca",,dentist
"Stark David E Dr","306-933-2777","302 Cn Tower , Saskatoon , SK ","www.3069332777.yp.ca",,dentist
"Stark David E Dr Endodontist","306-933-2777","302 Cn Towers , Saskatoon , SK S7K 1J5","www.3069332777.yp.ca",,dentist
"Starzynski M R White B E Lacoursiere R Drs","306-652-8575","801 Cn Towers , SASKATOON , SK S7K 1J5","www.3066528575.yp.ca",,dentist
"Starzynski M R White B E Lacoursiere R Drs","306-244-2937","Saskatoon , SK S7H 0A1","www.3062442937.yp.ca",,dentist
"Starzynski M R White B E Lacoursiere R Drs","306-652-1295","Saskatoon , SK S7H 0A1","www.3066521295.yp.ca",,dentist
"Stephenson James Dr","306-242-3381","","www.3062423381.yp.ca",,dentist
"Stephenson James Dr","306-653-3955","301 The Tower At Midtown , Saskatoon , SK ","www.3066533955.yp.ca",,dentist
"Stonebridge Dental Centre","306-244-4656","4-303 Stonebridge Boulevard , Saskatoon , SK S7T 0G3","www.3062444656.yp.ca",,dentist
"Strasbourg Dental Centre","306-725-4868","Health Clinic , STRASBOURG , SK S0G 4V0","www.3067254868.yp.ca",,dentist
"Summers Della Dr Dentist","306-374-2929","1526 8th Street East , SASKATOON , SK S7H 0T3","www.3063742929.yp.ca",,dentist
"Sunderland Trent C Dr Dentist","306-522-4978","1133 Broadway Avenue , REGINA , SK S4P 1E4","www.3065224978.yp.ca",,dentist
"Sutherland Dental Group","306-955-8011","705 Central Ave , Saskatoon , SK S7N 3A4","www.3069558011.yp.ca",,dentist
"Sutherland Dental Group","306-955-0775","","www.3069550775.yp.ca",,dentist
"Sutherland Dental Group","306-955-8011","705 Central Ave , SASKATOON , SK S7H 0A1","www.3069558011.yp.ca",,dentist
"Sutherland J K Dr","306-966-5105","Saskatoon , SK S7H 0A1","www.3069665105.yp.ca",,dentist
"Syed Sajid K Dr","306-634-7261","1220 4th Street , Estevan , SK S4A 0W9","www.3066347261.yp.ca",,dentist
"Taillon Michel J Dr Dentist","306-642-4435","520 Centre St , ASSINIBOIA , SK S0H 0B0","www.3066424435.yp.ca",,dentist
"Taylor Monica Dr Dentist","306-933-3233","The Mall At Lawson Heights , SASKATOON , SK S7H 0A1","www.3069333233.yp.ca",,dentist
"Teekasingh Mohan Dr Dentist","306-374-8300","2105 8th St E , SASKATOON , SK S7H 0T8","www.3063748300.yp.ca",,dentist
"Tenaski Robert M Dr","306-664-1990","","www.3066641990.yp.ca",,dentist
"Tenaski Robert M Dr","306-664-1931","1004 Cn Towers , Saskatoon , SK ","www.3066641931.yp.ca",,dentist
"Tenaski Robert M Dr Periodontist","306-664-1990","Saskatoon , SK S7H 0A1","www.3066641990.yp.ca",,dentist
"Tenaski Robert M Dr Periodontist","306-664-1931","1004 Cn Towers , SASKATOON , SK S7K 1J5","www.3066641931.yp.ca",,dentist
"Teplitsky P E Dr Endodontist","306-966-5089","Dental Clinic U Of S , SASKATOON , SK S7H 0A1","www.3069665089.yp.ca",,dentist
"Teplitsky P E Dr Endodontist","306-966-5084","Saskatoon , SK S7H 0A1","www.3069665084.yp.ca",,dentist
"Territorial Dental Clinic","306-446-4434","13-9800 Territorial Drive , North Battleford , SK S9A 3N6","www.3064464434.yp.ca",,dentist
"Thibodeau Blayne Dr","306-343-0128","201-105 21st Street East , Saskatoon , SK S7K 0B3","www.3063430128.yp.ca",,dentist
"Thomas D G Gattinger M W Karasin A J Drs","306-757-8617","4125 Albert Street , REGINA , SK S4S 3R6","www.3067578617.yp.ca",,dentist
"Thomson Wes G Dr Dentist","306-642-4435","520 Centre St , ASSINIBOIA , SK S0H 0B0","www.3066424435.yp.ca",,dentist
"Tisdale Dental Health Clinic","306-873-4255","1003 102nd Ave , Tisdale , SK S0E 1T0","www.3068734255.yp.ca",,dentist
"Toporowski E Dr","306-525-9620","250-2550 15th Avenue , Regina , SK S4P 1A5","www.3065259620.yp.ca",,dentist
"Toporowski E Dr","306-347-3066","","www.3063473066.yp.ca",,dentist
"Toporowski E Dr Periodontist","306-525-9620","2550 15th Ave , REGINA , SK S4P 1A5","www.3065259620.yp.ca",,dentist
"Torrie Heather Dr Dentist","306-955-3378","1501 8th St E , SASKATOON , SK S7H 5J6","www.3069553378.yp.ca",,dentist
"Trafananko H W Dr","306-763-2275","Carlton Crt Plaza , PRINCE ALBERT , SK S6V 0A1","www.3067632275.yp.ca",,dentist
"Trischuk B W Dr","306-782-1224","520C Broadway Street West , Yorkton , SK S3N 0P3","www.3067821224.yp.ca",,dentist
"Trischuk B W Dr","306-783-8878","","www.3067838878.yp.ca",,dentist
"Trischuk B W & Jansen S Drs","306-782-1224","520C Broadway Street West , YORKTON , SK S3N 0P3","www.3067821224.yp.ca",,dentist
"Trischuk Jeff Dr Dentist","306-922-7750","1501E Olive Diefenbaker Drive , PRINCE ALBERT , SK S6V 7P4","www.3069227750.yp.ca",,dentist
"Turnbull R Dr Dentist","306-522-4978","1133 Broadway Avenue , REGINA , SK S4P 1E4","www.3065224978.yp.ca",,dentist
"Tyler D W Dr Dentist","306-966-5135","Dental Clinic U Of S , SASKATOON , SK S7H 0A1","www.3069665135.yp.ca",,dentist
"Tyler D W Dr Dentist","306-966-5105","Saskatoon , SK S7H 0A1","www.3069665105.yp.ca",,dentist
"Underwood Ed & Walker W T Drs Dentists","306-955-4611","3929 8th St E , SASKATOON , SK S7H 5M2","www.3069554611.yp.ca",,dentist
"Unity Dental Clinic","306-228-2967","Suite 6-100 1st Ave W , Unity , SK S0K 4L0","www.3062282967.yp.ca",,dentist
"University Of Saskatchewan","306-966-2140","Saskatoon , SK S7H 0A1","www.3069662140.yp.ca",,dentist
"University Of Saskatchewan","306-966-5056","Saskatoon , SK S7H 0A1","www.3069665056.yp.ca",,dentist
"University Of Saskatchewan","306-966-5105","Saskatoon , SK S7H 0A1","www.3069665105.yp.ca",,dentist
"University Park Dental Office","306-789-0827","228 University Park Drive , Regina , SK S4V 1A3","www.3067890827.yp.ca",,dentist
"Vankoughnett Norm Dr Dentist","306-374-8300","2105 8th St E , SASKATOON , SK S7H 0T8","www.3063748300.yp.ca",,dentist
"Veason Stephen Dr Dentist","306-773-2885","276 1st Avenue NW , SWIFT CURRENT , SK S9H 0M9","www.3067732885.yp.ca",,dentist
"Verma K Dr Dentist","306-933-0466","129A Pinehouse Drive , SASKATOON , SK S7K 5W1","www.3069330466.yp.ca",,dentist
"Vertefeuille Cheryl Dr","306-725-4141","","www.3067254141.yp.ca",,dentist
"Vertefeuille Cheryl Dr","306-725-4868","Health Clinic , Strasbourg , SK S0G 4V0","www.3067254868.yp.ca",,dentist
"Vertefeuille Cheryl Dr Dentist","306-725-4868","Health Clinic , STRASBOURG , SK S0G 4V0","www.3067254868.yp.ca",,dentist
"Victoria Square Dental","306-789-5959","47-2223 Victoria Ave E , Regina , SK S4N 6E4","www.3067895959.yp.ca",,dentist
"Victoria Square Dental","306-789-6665","","www.3067896665.yp.ca",,dentist
"Viczko K M Dr Dentist","306-692-6438","636 Main Street North , MOOSE JAW , SK S6H 3K4","www.3066926438.yp.ca",,dentist
"Wadena Dental Centre","306-338-2181","230 Main St N , WADENA , SK S0A 4J0","www.3063382181.yp.ca",,dentist
"Wagner Michael Dr Dentist","306-374-8300","2105 8th St E , SASKATOON , SK S7H 0T8","www.3063748300.yp.ca",,dentist
"Walker W T Underwood Ed Drs","306-955-1233","","www.3069551233.yp.ca",,dentist
"Walker W T Underwood Ed Drs","306-955-4611","208-3929 8th Street East , Saskatoon , SK S7H 5M2","www.3069554611.yp.ca",,dentist
"Walker W T Underwood Ed Drs Dentists","306-955-4611","3929 8th St E , SASKATOON , SK S7H 5M2","www.3069554611.yp.ca",,dentist
"Wall Street Medical Building","306-665-0600","Saskatoon , SK S7H 0A1","www.3066650600.yp.ca",,dentist
"Wall Street Medical Building","306-665-0777","Saskatoon , SK S7H 0A1","www.3066650777.yp.ca",,dentist
"Warman Dental Centre","306-933-3221","102 Central St E Warman , Warman , SK ","www.3069333221.yp.ca",,dentist
"Warman Dental Centre","306-933-3221","102 Central St E , WARMAN , SK S0K 4S0","www.3069333221.yp.ca",,dentist
"Watrous Dental Centre","306-946-2131","107A 3rd Ave E , Watrous , SK S0K 4T0","www.3069462131.yp.ca",,dentist
"Watrous Dental Centre","306-946-2913","","www.3069462913.yp.ca",,dentist
"Wawota Dental Clinic","306-739-2870","93 Hall St , Wawota , SK S0G 5A0","www.3067392870.yp.ca",,dentist
"Weiss Harold Dr","306-586-5015","300-4303 Albert Street , Regina , SK S4S 3R6","www.3065865015.yp.ca",,dentist
"Weiss Harold Dr Dentist","306-586-5015","4303 Albert Street , REGINA , SK S4S 3R6","www.3065865015.yp.ca",,dentist
"Wempe & Associates Drs","306-634-4794","Estevan , SK S4A 0A1","www.3066344794.yp.ca",,dentist
"Wempe & Associates Drs","306-634-3244","120-1175 Nicholson Road , Estevan , SK S4A 2S7","www.3066343244.yp.ca",,dentist
"Wempe & Associates Drs","306-634-4794","","www.3066344794.yp.ca",,dentist
"Wempe K H Dr","306-634-4794","Estevan , SK S4A 0A1","www.3066344794.yp.ca",,dentist
"Wempe K H Dr","306-634-3244","1175 Nicholson Rd , ESTEVAN , SK S4A 2S7","www.3066343244.yp.ca",,dentist
"Westend Dental","306-978-1700","3110 Laurier Drive , Saskatoon , SK S7L 5J7","www.3069781700.yp.ca",,dentist
"Westend Dental","306-978-1700","Saskatoon , SK S7H 0A1","www.3069781700.yp.ca",,dentist
"West Landing Dental Centre","306-565-7666","","www.3065657666.yp.ca",,dentist
"West Landing Dental Centre","306-565-3500","552 University Park Drive , Regina , SK S4V 2Z3","www.3065653500.yp.ca",,dentist
"Wheatland Dental Centre","306-642-4435","520 Centre St , Assiniboia , SK S0H 0B0","www.3066424435.yp.ca",,dentist
"White B E Starzynski M R Lacoursiere R Drs","306-652-8575","801 Cn Towers , SASKATOON , SK S7K 1J5","www.3066528575.yp.ca",,dentist
"White B E Starzynski M R Lacoursiere R Drs","306-244-2937","Saskatoon , SK S7H 0A1","www.3062442937.yp.ca",,dentist
"White Buffalo Youth Lodge","306-653-7676","602 20th Street West , Saskatoon , SK S7M 0X7","www.3066537676.yp.ca",,dentist
"White Greg Dr Dentist","306-757-8526","2603E Star Lite Street , REGINA , SK S4V 3E1","www.3067578526.yp.ca",,dentist
"White Kristy Dr","306-347-3433","2158 Broad Street , REGINA , SK S4P 1Y5","www.3063473433.yp.ca",,dentist
"White M Dr","306-332-5302","121 Company Ave S , Fort Qu'Appelle , SK S0G 1S0","www.3063325302.yp.ca",,dentist
"White M Dr Dentist","306-332-5302","121 Company Ave S , FORT QU'APPELLE , SK S0G 1S0","www.3063325302.yp.ca",,dentist
"Widdup J Dr Dentist","306-545-7455","4507 Rochdale Boulevard , REGINA , SK S4X 4R3","www.3065457455.yp.ca",,dentist
"Wildwood Dental Clinic","306-374-7272","1-3421 8th Street East , Saskatoon , SK S7H 0W5","www.3063747272.yp.ca",,dentist
"Williams A Dr","306-445-3317","1562 100th Street , North Battleford , SK S9A 0W4","www.3064453317.yp.ca",,dentist
"Williams A Dr Dentist","306-843-2404","307 2nd Ave W , WILKIE , SK S0K 4W0","www.3068432404.yp.ca",,dentist
"Williams A Dr Dentist","306-445-3317","North Battleford , SK S9A 0A1","www.3064453317.yp.ca",,dentist
"Wilson J A Dr & Kudryk Kelly G Dr","306-374-4181","1121 Louise Avenue , Saskatoon , SK S7H 2P8","www.3063744181.yp.ca",,dentist
"Windsor Park Dental Office","306-781-7373","3125h Woodhams Dr E , REGINA , SK S4N 0A1","www.3067817373.yp.ca",,dentist
"Winsor-Lee Paula & Kushneriuk Jeff Drs","306-764-1882","2685 2nd Avenue West , PRINCE ALBERT , SK S6V 5E3","www.3067641882.yp.ca",,dentist
"Wojcik Danuta Dr Dentist","306-789-5057","1600 Dewdney Ave E , REGINA , SK S4N 4Y5","www.3067895057.yp.ca",,dentist
"Wong Simon Dr Dentist","306-955-7000","3110 8th Street East , SASKATOON , SK S7H 0W2","www.3069557000.yp.ca",,dentist
"Woo Doug Dentist Prof Corp & Jen Stephen Dental Prof","306-975-0328","402 Cn Towers , SASKATOON , SK S7K 1J5","www.3069750328.yp.ca",,dentist
"Wynyard Dental Centre","306-554-3955","219 Bosworth St , WYNYARD , SK S0A 4T0","www.3065543955.yp.ca",,dentist
"Wynyard Smiles Dental Centre","306-554-3955","219 Bosworth St , Wynyard , SK S0A 4T0","www.3065543955.yp.ca",,dentist
"Wynyard Smiles Dental Centre","306-554-3954","","www.3065543954.yp.ca",,dentist
"Xocai Healthy Dark Chocolate - Health Canada Certified","519-770-3498","","www.mmmgood.ca","chocolate@mmmgood.ca",dentist
"Zak E W & Jen Stephen Dental Prof Corp & Woo Doug De","306-975-0328","402 Cn Towers , SASKATOON , SK S7K 1J5","www.3069750328.yp.ca",,dentist
"Zimmer D J & Langin J Drs","306-775-2737","Northgate Mall , Regina , SK ","www.3067752737.yp.ca",,dentist
"Bedford Square Dental","306-955-7031","","www.3069557031.yp.ca",,dentist
"Beesley Paul Dr Dentist","306-692-1888","54 Ominica Street West , MOOSE JAW , SK S6H 1W9","www.3066921888.yp.ca",,dentist
"Beesley Paul Dr Dentist","306-693-0755","54 Ominica Street West , MOOSE JAW , SK S6H 1W9","www.3066930755.yp.ca",,dentist
"Beesley Prestie & Lazurko Drs","306-693-0755","54 Ominica Street West , MOOSE JAW , SK S6H 1W9","www.3066930755.yp.ca",,dentist
"Benning Kurt Dr","306-453-6346","Hwy 13 , Carlyle , SK S0C 0R0","www.3064536346.yp.ca",,dentist
"Berdan R E","306-586-6077","4002 Pasqua Street , REGINA , SK S4S 6X2","www.3065866077.yp.ca",,dentist
"Berdan R E & Radomsky E N Drs","306-586-6077","300-4002 Pasqua Street , Regina , SK S4S 6X2","www.3065866077.yp.ca",,dentist
"Berdan R E & Radomsky E N Drs ,dentists","306-789-6508","","www.3067896508.yp.ca",,dentist
"Berger Randy P Grieman Rick B & Ross Alan S","306-569-2300","2550 15th Ave , REGINA , SK S4P 1A5","www.3065692300.yp.ca",,dentist
"Berin H E Berin T M Drs Dentists","306-955-2400","3521 8th Street East , SASKATOON , SK S7H 0W5","www.3069552400.yp.ca",,dentist
"Bernard Earl S Dr Dentist","306-692-3880","911 1st Avenue NW , MOOSE JAW , SK S6H 3M9","www.3066923880.yp.ca",,dentist
"Berthiaume Dr Rhonda","306-955-9256","9A-234 Primrose Drive , Saskatoon , SK S7K 6Y6","www.3069559256.yp.ca",,dentist
"Berthiaume Dr Rhonda","306-955-9259","","www.3069559259.yp.ca",,dentist
"Beug Sandi Dr Dentist","306-781-7011","2069 Park Street , Regina , SK S4N 6S2","www.3067817011.yp.ca",,dentist
"Bhargava Raju Dr Dentist","306-374-8300","2105 8th St E , SASKATOON , SK S7H 0T8","www.3063748300.yp.ca",,dentist
"Blischak G J Dr","306-634-7261","200-1220 4th Street , Estevan , SK S4A 0W9","www.3066347261.yp.ca",,dentist
"Blue D M A Dr","306-634-5003","","www.3066345003.yp.ca",,dentist
"Blue D M A Dr","306-634-5018","1134 3rd Street , Estevan , SK S4A 0R7","www.3066345018.yp.ca",,dentist
"Bode G R & Fuchs D G Drs","306-783-3233","41 Broadway St W , YORKTON , SK S3N 3T9","www.3067833233.yp.ca",,dentist
"Bode G R & Fuchs D G Drs","306-783-3233","41 Broadway Street West , Yorkton , SK S3N 0L6","www.3067833233.yp.ca",,dentist
"Bode G R & Fuchs D G Drs","306-563-4411","213 Main St , Canora , SK S0A 0L0","www.3065634411.yp.ca",,dentist
"Bonnet Colin Dr","306-586-8421","","www.3065868421.yp.ca",,dentist
"Bonnet Colin Dr","306-586-8411","100-4002 Pasqua Street , Regina , SK S4S 6X2","www.3065868411.yp.ca",,dentist
"Border City Dental Centre","306-825-4944","","www.3068254944.yp.ca",,dentist
"Border City Dental Centre","306-825-4440","5303 50 Avenue , Lloydminster , SK S9V 0P9","www.3068254440.yp.ca",,dentist
"Boreal Dental Clinic","306-425-8090","115 Mc Kay St , LA RONGE , SK S0J 1L0","www.3064258090.yp.ca",,dentist
"Bowerman Colin Dr","306-665-6665","302 3301 8th St E , Saskatoon , SK S7H 5K5","www.3066656665.yp.ca",,dentist
"Bowerman Colin Dr Family Dentist","306-665-6665","3301 8th St E , SASKATOON , SK S7H 5K5","www.3066656665.yp.ca",,dentist
"Brakstad Shaun Dr Dentist","306-978-1700","3110 Laurier Drive , SASKATOON , SK S7L 5J7","www.3069781700.yp.ca",,dentist
"Brakstad Shaun Dr Dentist","306-978-6588","50 Kenderdine Road , SASKATOON , SK S7H 0A1","www.3069786588.yp.ca",,dentist
"Braun Lisa Dr","306-343-9541","1025 8th Street East , Saskatoon , SK S7H 0S2","www.3063439541.yp.ca",,dentist
"Britton Charles Dr Dentist","306-664-9994","626 Broadway Avenue , SASKATOON , SK S7N 1A9","www.3066649994.yp.ca",,dentist
"Broadway Dental Clinic","306-522-4978","1133 Broadway Avenue , Regina , SK S4P 1E4","www.3065224978.yp.ca",,dentist
"Broadway Dental Clinic","306-664-9994","626 Broadway Avenue , SASKATOON , SK S7N 1A9","www.3066649994.yp.ca",,dentist
"Broadway Dental Group","306-664-9994","302-626 Broadway Avenue , Saskatoon , SK S7N 1A9","www.3066649994.yp.ca",,dentist
"Brough Michael Dr Dentist","306-522-2934","2603E Star Lite Street , REGINA , SK S4V 3E1","www.3065222934.yp.ca",,dentist
"Btc Indian Health","306-937-6700","1192 101st Street , North Battleford , SK S9A 0Z6","www.3069376700.yp.ca",,dentist
"B T C Indian Health Services Inc","306-937-6700","1192 101st Street , NORTH BATTLEFORD , SK S9A 0Z6","www.3069376700.yp.ca",,dentist
"Budd Scott Dr Dentist","306-236-3707","402 1st Street West , Meadow Lake , SK S9X 1E5","www.3062363707.yp.ca",,dentist
"Busche Myrna Dr","306-975-0103","11-1025 Boychuk Drive , Saskatoon , SK S7H 5B2","www.3069750103.yp.ca",,dentist
"Busche Myrna Dr Dentist","306-975-0103","1025 Boychuk Drive , SASKATOON , SK S7H 5B2","www.3069750103.yp.ca",,dentist
"Busse C David Dr Dentist","306-773-8686","276 2nd Avenue NE , SWIFT CURRENT , SK S9H 2C8","www.3067738686.yp.ca",,dentist
"Cadman Kirby & Remmer Ross Drs","306-955-3677","200-3502 Taylor Street East , Saskatoon , SK S7H 5H9","www.3069553677.yp.ca",,dentist
"Cadman Kirby & Remmer Ross Drs","306-763-6353","South Hill Medical Clinic , PRINCE ALBERT , SK S6V 0A1","www.3067636353.yp.ca",,dentist
"Cadman Kirby & Remmer Ross Drs","306-763-6353","South Hill Medical Clinic , Prince Albert , SK ","www.3067636353.yp.ca",,dentist
"Cadman Kirby & Remmer Ross Drs","306-955-4788","","www.3069554788.yp.ca",,dentist
"Caldwell Marguerite Dr","306-244-2111","310-105 21st Street East , Saskatoon , SK S7K 0B3","www.3062442111.yp.ca",,dentist
"Campbell Don Dr Dentist","306-978-6588","50 Kenderdine Rd , SASKATOON , SK S7N 3A1","www.3069786588.yp.ca",,dentist
"Canada Building Dental Group","306-665-1986","308-105 21st Street East , Saskatoon , SK S7K 0B3","www.3066651986.yp.ca",,dentist
"Capital Corner Dental","306-949-3333","4307 Rochdale Boulevard , Regina , SK S4X 4R3","www.3069493333.yp.ca",,dentist
"Carley Brad Rosenhek Michael Drs","306-242-5233","3-75 Lenore Drive , Saskatoon , SK S7K 7Y1","www.3062425233.yp.ca",,dentist
"Carlson Tom Dr Dentist","306-752-2266","810 Main St , Melfort , SK S0E 1A0","www.3067522266.yp.ca",,dentist
"Carnduff Dental Clinic","306-482-3353","119 Broadway St , CARNDUFF , SK S0C 0S0","www.3064823353.yp.ca",,dentist
"Central Butte Dental Clinic","306-796-4544","3rd Ave W , Central Butte , SK S0H 0T0","www.3067964544.yp.ca",,dentist
"Centre Dental Clinic Dentists","306-373-4884","3510 8th St E , SASKATOON , SK S7H 0W6","www.3063734884.yp.ca",,dentist
"Charles R G Dr","306-764-3555","583 28th Street West , Prince Albert , SK S6V 4T1","www.3067643555.yp.ca",,dentist
"Charles R G Dr Dentist","306-764-3560","Prince Albert , SK S6V 0A1","www.3067643560.yp.ca",,dentist
"Charles R G Dr Dentist","306-764-3555","583 28th Street West , PRINCE ALBERT , SK S6V 4T1","www.3067643555.yp.ca",,dentist
"Chayka R Dr Dentist","306-664-3555","401 Cn Towers , Saskatoon , SK S7K 1J5","www.3066643555.yp.ca",,dentist
"Cheetham Michael J Dr Dentist","306-949-1626","4168 Albert Street , REGINA , SK S4S 3R8","www.3069491626.yp.ca",,dentist
"CHIAAN HU & WATT J. A. DRS DENTISTS","306-763-8525","315-20 14th St W , Prince Albert , SK S6V 3K8","www.3067638525.yp.ca",,dentist
"Choubal A Dr Dentist","306-664-8737","7 Assiniboine Drive , SASKATOON , SK S7K 1H1","www.3066648737.yp.ca",,dentist
"Choubal S Dr","306-664-8737","16-7 Assiniboine Drive , Saskatoon , SK S7K 1H1","www.3066648737.yp.ca",,dentist
"Choubal S Dr Dentist","306-664-8737","7 Assiniboine Drive , SASKATOON , SK S7K 1H1","www.3066648737.yp.ca",,dentist
"Chow Dean T D Dr","306-634-5515","1322 3rd Street , Estevan , SK S4A 0S2","www.3066345515.yp.ca",,dentist
"Chow Dean T D Dr Dentists","306-634-5515","1322 3rd Street , Estevan , SK S4A 0S2","www.3066345515.yp.ca",,dentist
"Chow Lyn Dr Dentist","306-665-1986","21-105 21st Street East , Saskatoon , SK S7K 0B3","www.3066651986.yp.ca",,dentist
"Chung Tim Y Dr Dentist","306-697-3455","721 Stella St , GRENFELL , SK S0G 2B0","www.3066973455.yp.ca",,dentist
"Chung Tim Y S Dr","306-697-3455","721 Stella St , Grenfell , SK S0G 2B0","www.3066973455.yp.ca",,dentist
"Chung Y S (Tim) Dr","306-586-3155","200-2631 28th Avenue , Regina , SK S4S 6X3","www.3065863155.yp.ca",,dentist
"Chung Y S (Tim) Dr Dentist","306-586-3155","2631 28th Ave , REGINA , SK S4S 6X3","www.3065863155.yp.ca",,dentist
"Churchill Stacie & Johnson G W Drs","306-445-4116","1711 91st Street , North Battleford , SK S9A 0A6","www.3064454116.yp.ca",,dentist
"Circle 8 Dental Clinic","306-374-8737","3130 8th Street East , Saskatoon , SK S7H 0W2","www.3063748737.yp.ca",,dentist
"Circle Drive & 8th Street Dental","306-665-6665","3301 8th St E , SASKATOON , SK S7H 5K5","www.3066656665.yp.ca",,dentist
"City View Dental Group","306-359-6661","Regina , SK S4N 0A1","www.3063596661.yp.ca",,dentist
"City View Dental Group","306-359-3945","2550 15th Ave , REGINA , SK S4P 1A5","www.3063593945.yp.ca",,dentist
"Clements D E Dr Dentist","306-374-1522","2305 McEown Avenue , SASKATOON , SK S7J 2H1","www.3063741522.yp.ca",,dentist
"College of Dental Surgeons Of Saskatchewan","306-244-5072","202-728 Spadina Crescent East , Saskatoon , SK S7K 3H2","www.3062445072.yp.ca",,dentist
"College Park Dental","306-955-4611","3929 8th St E , SASKATOON , SK S7H 5M2","www.3069554611.yp.ca",,dentist
"Cornwall Dental","306-525-5819","1A-2121 Saskatchewan Drive , Regina , SK S4P 4A7","www.3065255819.yp.ca",,dentist
"Cornwall Dental","306-525-5819","Cornwall Centre , REGINA , SK S4N 0A1","www.3065255819.yp.ca",,dentist
"Cottenie Ken Dr","306-783-3054","130-41 Broadway Street West , Yorkton , SK S3N 0L6","www.3067833054.yp.ca",,dentist
"Cottenie Ken Dr Dentist","306-783-3054","41 Broadway St W , YORKTON , SK S3N 3T9","www.3067833054.yp.ca",,dentist
"Cottonwood Dental Clinic","306-731-3886","345 James St N , Lumsden , SK S0G 3C0","www.3067313886.yp.ca",,dentist
"Creative Transitions Coaching","306-249-4249","Saskatoon , SK S7H 0A1","www.3062494249.yp.ca",,dentist
"Crescent Park Dental Clinic","306-922-7750","1501E Olive Diefenbaker Drive , Prince Albert , SK S6V 7P4","www.3069227750.yp.ca",,dentist
"Crescent Park Dental Clinic","306-764-0310","","www.3067640310.yp.ca",,dentist
"Criton John D Dr Dentist","306-789-0827","228 University Park Drive , REGINA , SK S4V 1A3","www.3067890827.yp.ca",,dentist
"Cumberland Dental","306-955-3378","1-1501 8th Street East , Saskatoon , SK S7H 5J6","www.3069553378.yp.ca",,dentist
"Dangstorp D C & Kelley T & Mah D Drs Lakeshore Denta","306-775-2767","1380 23rd Avenue , REGINA , SK S4S 3S5","www.3067752767.yp.ca",,dentist
"Dangstorp D C & Kelley T & Mah D Drs Northgate Denta","306-775-2767","Northgate Mall , REGINA , SK S4N 0A1","www.3067752767.yp.ca",,dentist
"Dean D L Dr","306-924-8409","Normanview Shopping Centre , REGINA , SK S4N 0A1","www.3069248409.yp.ca",,dentist
"Dean D L Dr","306-924-8409","Normanview Crossing , Regina , SK ","www.3069248409.yp.ca",,dentist
"Dean G Dr","306-779-3326","Normanview Crossing , Regina , SK ","www.3067793326.yp.ca",,dentist
"Dean G Dr Dentist","306-924-8406","Normanview Shopping Centre , REGINA , SK S4N 0A1","www.3069248406.yp.ca",,dentist
"Degenstein Denture Clinic","306-586-1828","4625 Rae Street , Regina , SK S4S 6K6","www.3065861828.yp.ca",,dentist
"Dene Dent Family Dentistry","306-332-6490","740 Sioux Ave S , FORT QU'APPELLE , SK S0G 1S0","www.3063326490.yp.ca",,dentist
"Dental Arts Clinic","306-773-9355","321 Central Avenue North , SWIFT CURRENT , SK S9H 0L5","www.3067739355.yp.ca",,dentist
"Dental Clinic College of Dentistry","306-966-5056","Saskatoon , SK ","www.3069665056.yp.ca",,dentist
"Dental Pc Inc Certified Specialist In Orthodontics","306-352-9433","Regina , SK S4N 0A1","www.3063529433.yp.ca",,dentist
"Dental Pc Inc Certified Specialist In Orthodontics","306-359-7157","Regina , SK S4N 0A1","www.3063597157.yp.ca",,dentist
"Der Alvin Dr & Lulic-Krajac D Dr Dentists","306-584-8115","4010 Pasqua St , REGINA , SK S4S 7B9","www.3065848115.yp.ca",,dentist
"Dergousoff Dental Clinic","306-782-2227","21 Dalebrooke Drive , Yorkton , SK S3N 2N4","www.3067822227.yp.ca",,dentist
"Derworiz E M Dr Dentist","306-586-8411","4002 Pasqua Street , REGINA , SK S4S 6X2","www.3065868411.yp.ca",,dentist
"Deutsch Monika Dr","306-764-4144","1403 Central Ave , PRINCE ALBERT , SK S6V 7J4","www.3067644144.yp.ca",,dentist
"Dodds D A Larson L D & Roland G K Drs Dentists","306-789-2330","332 University Park Drive , REGINA , SK S4V 0Y8","www.3067892330.yp.ca",,dentist
"Dovich & Associates","306-236-3655","405 Centre Street , MEADOW LAKE , SK S9X 1E5","www.3062363655.yp.ca",,dentist
"Downtown Dental Associates","306-664-3555","401 Cn Towers , Saskatoon , SK S7K 1J5","www.3066643555.yp.ca",,dentist
"Downtown Dental Associates","306-664-3555","401 The Tower At Midtown , Saskatoon , SK ","www.3066643555.yp.ca",,dentist
"Drabinsky Gerald S Dr Podiatrist North Regina Medica","306-924-1494","235B Albert Street North , REGINA , SK S4R 3C2","www.3069241494.yp.ca",,dentist
"Dufour Don Dr Dentist","306-842-2355","29 Coteau Avenue , WEYBURN , SK S4H 0G3","www.3068422355.yp.ca",,dentist
"Dufour Meena Dr","306-359-7707","2109 Retallack Street , REGINA , SK S4T 2K5","www.3063597707.yp.ca",,dentist
"Dunlop H M Dr Dentist","306-244-4656","21-105 21st Street East , Saskatoon , SK S7K 0B3","www.3062444656.yp.ca",,dentist
"Dunlop Holly Dr Dentist","306-374-8300","2105 8th St E , SASKATOON , SK S7H 0T8","www.3063748300.yp.ca",,dentist
"Dutton Darrell T Dr Dentist","306-664-5005","407D 1st Avenue North , SASKATOON , SK S7K 1X5","www.3066645005.yp.ca",,dentist
"East End Dental","306-781-7011","2069 Park Street , Regina , SK S4N 6S2","www.3067817011.yp.ca",,dentist
"Eastend Dental","306-781-7011","2069 Park Street , Regina , SK S4N 6S2","www.3067817011.yp.ca",,dentist
"East Side Dental Centre","306-765-8870","1492D 7th Street East , Prince Albert , SK S6V 0V4","www.3067658870.yp.ca",,dentist
"East Side Dental Centre","306-765-8879","","www.3067658879.yp.ca",,dentist
"Eckert Mandy Dr Dentist","306-373-4884","8th St E , Saskatoon , SK S7H 0W6","www.3063734884.yp.ca",,dentist
"Enhance Dental Centre","306-757-7645","1858 E Victoria Avenue , Regina , SK S4N 7K3","www.3067577645.yp.ca",,dentist
"Enhance Dental Centre","306-374-2929","1526 8th Street East , SASKATOON , SK S7H 0T3","www.3063742929.yp.ca",,dentist
"Enhance Dental Centre Dr Tony Romanuik","306-757-7645","1858 E Victoria Avenue , Regina , SK S4N 7K3","www.enhancedental.ca",,dentist
"Erindale Dental","306-978-3088","","www.3069783088.yp.ca",,dentist
"Erindale Dental","306-978-1515","7-419 Ludlow Street , Saskatoon , SK S7S 1P3","www.3069781515.yp.ca",,dentist
"Esterhazy Dental Clinic","306-745-6393","","www.3067456393.yp.ca",,dentist
"Esterhazy Dental Clinic","306-745-6688","603 Veteran's Ave , Esterhazy , SK S0A 0X0","www.3067456688.yp.ca",,dentist
"Estevan Dental Associates PC","306-634-5515","1322 3rd Street , Estevan , SK S4A 0S2","www.3066345515.yp.ca",,dentist
"Excell Dental Centre","306-374-6060","105-1526 8th Street East , Saskatoon , SK S7H 0T3","www.3063746060.yp.ca",,dentist
"Fahie Hastings & Associates Drs","306-664-3555","401 Cn Towers , Saskatoon , SK S7K 1J5","www.3066643555.yp.ca",,dentist
"Fahie Wayne Dr Dentist","306-664-3555","401 Cn Towers , Saskatoon , SK S7K 1J5","www.3066643555.yp.ca",,dentist
"Fairhaven Dental","306-384-7191","5-3310 Fairlight Drive , Saskatoon , SK S7M 4Z1","www.3063847191.yp.ca",,dentist
"Falconer Allison Dr","306-775-0488","2707 Avonhurst Drive , REGINA , SK S4R 3J3","www.3067750488.yp.ca",,dentist
"Falconer Allison Dr Prof Corp","306-775-0488","2707 Avonhurst Drive , Regina , SK S4R 3J3","www.3067750488.yp.ca",,dentist
"Family Dental Associates","306-773-0664","1 Springs Drive , Swift Current , SK S9H 3X6","www.3067730664.yp.ca",,dentist
"Firak Joseph Dr","306-425-8090","115 McKay St , La Ronge , SK S0J 1L0","www.3064258090.yp.ca",,dentist
"Firak Joseph Dr Dentist","306-425-8090","115 Mc Kay St , LA RONGE , SK S0J 1L0","www.3064258090.yp.ca",,dentist
"First Avenue Dental Group","306-773-2885","276 1st Avenue NW , SWIFT CURRENT , SK S9H 0M9","www.3067732885.yp.ca",,dentist
"Fletcher Bob Dr Dentist","306-693-1064","821 1st Avenue NW , MOOSE JAW , SK S6H 3M8","www.3066931064.yp.ca",,dentist
"Fletcher Bob Dr Dentist","306-693-3325","821 1st Avenue NW , MOOSE JAW , SK S6H 3M8","www.3066933325.yp.ca",,dentist
"Fletcher Chad Dr Dentist","306-842-8111","7 Souris Avenue , Weyburn , SK S4H 0C1","www.3068428111.yp.ca",,dentist
"Foam Lake Dental Centre","306-272-4867","Foam Lake , SK S0A 1A0","www.3062724867.yp.ca",,dentist
"Foam Lake Dental Centre","306-272-4868","235 Main St , Foam Lake , SK S0A 1A0","www.3062724868.yp.ca",,dentist
"Foraie R Dr","306-924-0686","1103N Lakewood Court , Regina , SK S4X 3S3","www.3069240686.yp.ca",,dentist
"Foraie R Dr Dentist","306-924-0686","1103N Lakewood Court , REGINA , SK S4X 3S3","www.3069240686.yp.ca",,dentist
"Forest Grove Dental","306-244-8515","415 115th Street East , SASKATOON , SK S7N 2X9","www.3062448515.yp.ca",,dentist
"Fragatta K Harder L Pierce T Koneru A Drs","306-445-8833","1251 100th Street , NORTH BATTLEFORD , SK S9A 0V6","www.3064458833.yp.ca",,dentist
"Friesen D Blaine Dr Dentist","306-949-1626","4168 Albert Street , REGINA , SK S4S 3R8","www.3069491626.yp.ca",,dentist
"Frontier Dental","306-445-3422","Frontier Mall , NORTH BATTLEFORD , SK S9A 0A1","www.3064453422.yp.ca",,dentist
"Fuchs D G & Bode G R Dentists","306-563-4411","213 Main St , Canora , SK S0A 0L0","www.3065634411.yp.ca",,dentist
"Fuchs D G & Bode G R Drs Dentists","306-783-3233","41 Broadway St W , YORKTON , SK S3N 3T9","www.3067833233.yp.ca",,dentist
"Funk R D Dr Dentist","306-773-2366","1080 2nd Avenue SE , SWIFT CURRENT , SK S9H 4G1","www.3067732366.yp.ca",,dentist
"Gallagher Adrienne Dr Dentist","306-374-8300","2105 8th St E , SASKATOON , SK S7H 0T8","www.3063748300.yp.ca",,dentist
"Gallagher Kelly Dr Dentist","306-374-8300","2105 8th St E , SASKATOON , SK S7H 0T8","www.3063748300.yp.ca",,dentist
"Gallery Dental","306-347-3433","2158 Broad Street , Regina , SK S4P 1Y5","www.3063473433.yp.ca",,dentist
"Garden Ridge Dental Centre","306-545-7455","4507 Rochdale Boulevard , Regina , SK S4X 4R3","www.3065457455.yp.ca",,dentist
"Gardiner Park Dental Office","306-789-2330","332 University Park Drive , Regina , SK S4V 0Y8","www.3067892330.yp.ca",,dentist
"Gasser G G Dr","306-763-2358","Carlton Crt Plaza , Prince Albert , SK ","www.3067632358.yp.ca",,dentist
"Gasser G G Dr Dentist","306-763-2358","Carlton Crt Plaza , PRINCE ALBERT , SK S6V 0A1","www.3067632358.yp.ca",,dentist
"Gattinger M W Karasin A J Thomas D G Drs Dentists","306-757-8617","4125 Albert Street , REGINA , SK S4S 3R6","www.3067578617.yp.ca",,dentist
"Gentle Dental","306-775-0488","2707 Avonhurst Drive , REGINA , SK S4R 3J3","www.3067750488.yp.ca",,dentist
"Geradts Chris Dr Dentist","306-692-4050","895 9th Avenue NW , MOOSE JAW , SK S6H 4J3","www.3066924050.yp.ca",,dentist
"Gersten S H Dr Dentist","306-525-2577","11-2125 11th Avenue , REGINA , SK S4P 3X3","www.3065252577.yp.ca",,dentist
"Gersten S H Dr & Patel Mina Dr","306-359-0444","","www.3063590444.yp.ca",,dentist
"Gersten S H Dr & Patel Mina Dr","306-525-2577","407-2125 11th Avenue , Regina , SK S4P 3X3","www.3065252577.yp.ca",,dentist
"Gherasim E W Dr Orthodontist","306-584-8555","4002 Pasqua Street , REGINA , SK S4S 6X2","www.3065848555.yp.ca",,dentist
"Gherasim E W Dr Orthodontist","306-586-3222","4002 Pasqua Street , REGINA , SK S4S 6X2","www.3065863222.yp.ca",,dentist
"Gilewich Randy Dr","306-924-8407","Normanview Crossing , Regina , SK ","www.3069248407.yp.ca",,dentist
"Gilewich Randy Dr Dentist","306-924-8407","Normanview Shopping Centre , REGINA , SK S4N 0A1","www.3069248407.yp.ca",,dentist
"Gillies Carmen T Dr Dentist","306-934-1177","227 Primrose Drive , SASKATOON , SK S7K 5E4","www.3069341177.yp.ca",,dentist
"Gillings D T Dr Dentist","306-745-6688","603 2nd Ave , Esterhazy , SK S0A 0X0","www.3067456688.yp.ca",,dentist
"Glencairn Dental Clinic","306-789-5057","1600 Dewdney Ave E , Regina , SK ","www.3067895057.yp.ca",,dentist
"Glencairn Dental Clinic","306-789-5057","1600 Dewdney Ave E , REGINA , SK S4N 4Y5","www.3067895057.yp.ca",,dentist
"Glen J F Dr Dentist","306-937-6700","1192 101st Street , NORTH BATTLEFORD , SK S9A 0Z6","www.3069376700.yp.ca",,dentist
"Goldade Kent Dr","306-359-7077","4505 Albert Street , Regina , SK S4S 6B6","www.3063597077.yp.ca",,dentist
"Goldade Kent Dr Dental Pc Inc","306-359-7077","2022 Cornwall Street , REGINA , SK S4P 2K5","www.3063597077.yp.ca",,dentist
"Goldade Kent Dr Dental Pc Inc","306-352-9433","Regina , SK S4N 0A1","www.3063529433.yp.ca",,dentist
"Goldade Kent Dr Dental Pc Inc","306-359-7157","Regina , SK S4N 0A1","www.3063597157.yp.ca",,dentist
"Golden Mile Dental Clinic","306-584-5444","3806 Albert St , REGINA , SK S4S 3R2","www.3065845444.yp.ca",,dentist
"Gold Square Dental Clinic","306-522-3632","3966 Albert Street , REGINA , SK S4S 3R1","www.3065223632.yp.ca",,dentist
"Goos Kristin Dr Dentist","306-373-4884","3510 8th St E , SASKATOON , SK S7H 0W6","www.3063734884.yp.ca",,dentist
"Gozzi Denis Dr","306-763-2773","204-2805 6th Avenue East , Prince Albert , SK S6V 6Z6","www.3067632773.yp.ca",,dentist
"Gozzi Denis Dr Dentist","306-763-2773","2805 6th Ave E , PRINCE ALBERT , SK S6V 6Z6","www.3067632773.yp.ca",,dentist
"Graham Dale & Graham Todd Drs","306-359-3945","2550 15th Ave , REGINA , SK S4P 1A5","www.3063593945.yp.ca",,dentist
"Graham Todd & Schmidt Aryn Drs","306-359-3945","450-2550 15th Avenue , Regina , SK S4P 1A5","www.3063593945.yp.ca",,dentist
"Grant Linda Dr Dentist","306-955-8011","705 Central Ave , SASKATOON , SK S7H 0A1","www.3069558011.yp.ca",,dentist
"Grassick Patti Dr","306-731-3886","Cottonwood Dental Clinic 345 James , LUMSDEN , SK S0G 3C0","www.3067313886.yp.ca",,dentist
"Grassick P Dr Dentist","306-545-7455","4507 Rochdale Boulevard , REGINA , SK S4X 4R3","www.3065457455.yp.ca",,dentist
"Gray Lauretta Dr Dentist","306-933-3221","102 Central St E , WARMAN , SK S0K 4S0","www.3069333221.yp.ca",,dentist
"Grieman Rick B & Ross Alan S","306-569-2300","Regina , SK S4N 0A1","www.3065692300.yp.ca",,dentist
"Grieman Rick B Ross Alan S & Berger Randy P Drs","306-569-2300","Regina , SK S4N 0A1","www.3065692300.yp.ca",,dentist
"Grieman Rick B Ross Alan S & Berger Randy P Drs","306-569-2300","2550 15th Ave , REGINA , SK S4P 1A5","www.3065692300.yp.ca",,dentist
"Grosvenor Park Dental","306-374-8300","2-2105 8th Street East , Saskatoon , SK S7H 0T8","www.3063748300.yp.ca",,dentist
"Gryba Mark W Dr Dentist","306-374-1522","2305 McEown Avenue , SASKATOON , SK S7J 2H1","www.3063741522.yp.ca",,dentist
"Haack Cheryl Dr Dentist","306-781-7011","2069 Park Street , Regina , SK S4N 6S2","www.3067817011.yp.ca",,dentist
"Hafford Dental Clinic","306-549-4044","213 South Ave E , HAFFORD , SK S0J 1A0","www.3065494044.yp.ca",,dentist
"Hall Ralph Dr Dentist","306-445-3353","1831 100th Street , NORTH BATTLEFORD , SK S9A 0X1","www.3064453353.yp.ca",,dentist
"Hamilton Keith Plosz David Hamilton Ian Drs","306-374-7272","3421 8th Street East , SASKATOON , SK S7H 0W5","www.3063747272.yp.ca",,dentist
"Hammer Michael Dr Dentist","306-664-3555","401 Cn Towers , Saskatoon , SK S7K 1J5","www.3066643555.yp.ca",,dentist
"Harach Tamara Dr Dentist","306-565-3500","552 University Park Drive , REGINA , SK S4V 2Z3","www.3065653500.yp.ca",,dentist
"Harder L H Dr","306-445-8833","1251 100th Street , North Battleford , SK S9A 0V6","www.3064458833.yp.ca",,dentist
"Harder L Pierce T Fragatta K Koneru A Drs","306-445-8833","1251 100th Street , NORTH BATTLEFORD , SK S9A 0V6","www.3064458833.yp.ca",,dentist
"Harper D J Dr","306-862-3650","","www.3068623650.yp.ca",,dentist
"Harper D J Dr","306-862-9166","216 1 St Ave W , Nipawin , SK S0E 1E0","www.3068629166.yp.ca",,dentist
"Harrick Lauria Dr Dentist","306-244-4656","21-105 21st Street East , Saskatoon , SK S7K 0B3","www.3062444656.yp.ca",,dentist
"Hastings David Dr Dentist","306-664-3555","401 Cn Towers , Saskatoon , SK S7K 1J5","www.3066643555.yp.ca",,dentist
"Haunsperger Chris Pappas Connie Kudryk Joanne Drs De","306-652-0120","100 310 21st St E , SASKATOON , SK S7K 1M7","www.3066520120.yp.ca",,dentist
"Havlicek Calman Dr Dentist","306-343-9541","1025 8th Street East , Saskatoon , SK S7H 0S2","www.3063439541.yp.ca",,dentist
"Hay Russ Dr","306-525-5611","302-2550 12th Avenue , Regina , SK S4P 3X1","www.3065255611.yp.ca",,dentist
"Hay Russ Dr Dentist Neil Professional Building","306-525-5611","2550 12th Avenue , REGINA , SK S4P 3X1","www.3065255611.yp.ca",,dentist
