"Advance Eye Care Center","306-584-2259","","www.3065842259.yp.ca",,optometrist
"Advance Eye Care Center","306-586-7036","500-4010 Pasqua Street , Regina , SK S4S 7B9","www.3065867036.yp.ca",,optometrist
"Atrium Eye Care/A Division Of FYI Eye Doctors","306-652-4374","407 1st Avenue North , Saskatoon , SK S7K 1X5","www.3066524374.yp.ca",,optometrist
"Atrium Eye Care/A Division Of FYI Eye Doctors","306-867-8989","700 McKenzie St , Outlook , SK S0L 2N0","www.3068678989.yp.ca",,optometrist
"Atrium Optometric Group Optometrists","306-683-4376","Saskatoon , SK S7H 0A1","www.3066834376.yp.ca",,optometrist
"Atrium Optometric Group Optometrists","306-683-4374","3120A Laurier Drive , SASKATOON , SK S7L 5J7","www.3066834374.yp.ca",,optometrist
"Atrium Optometric Group Optometrists","306-652-4374","407 1st Avenue North , SASKATOON , SK S7K 1X5","www.3066524374.yp.ca",,optometrist
"Barrie Dorothy L Dr Optometrist Invision Eye Care Ce","306-373-2234","103110 8th St E , SASKATOON , SK S7H 0W2","www.3063732234.yp.ca",,optometrist
"Beaton Brent S Dr Optometrist","306-652-4374","407 1st Avenue North , SASKATOON , SK S7K 1X5","www.3066524374.yp.ca",,optometrist
"Beaton Brent S Dr Optometrist","306-683-4374","3120A Laurier Drive , SASKATOON , SK S7L 5J7","www.3066834374.yp.ca",,optometrist
"Beaton Brent S Dr Optometrist","306-652-7875","Saskatoon , SK S7H 0A1","www.3066527875.yp.ca",,optometrist
"Beaton Brent S Dr Optometrist","306-683-4376","Saskatoon , SK S7H 0A1","www.3066834376.yp.ca",,optometrist
"Bishop Kerry Dr Optometrist","306-652-4374","407 1st Avenue North , SASKATOON , SK S7K 1X5","www.3066524374.yp.ca",,optometrist
"Bishop Kerry Dr Optometrist","306-683-4374","3120A Laurier Drive , SASKATOON , SK S7L 5J7","www.3066834374.yp.ca",,optometrist
"Bishop Kerry Dr Optometrist","306-652-7875","Saskatoon , SK S7H 0A1","www.3066527875.yp.ca",,optometrist
"Bishop Kerry Dr Optometrist","306-683-4376","Saskatoon , SK S7H 0A1","www.3066834376.yp.ca",,optometrist
"Bishop Kerry Dr Optometrist","306-924-0544","1111 Lakewood Court , REGINA , SK S4X 3S3","www.3069240544.yp.ca",,optometrist
"Boyco Dr & Associates","604-951-3937","120-10153 King George Highway , Surrey , BC V3T 5H9","www.6049513937.yp.ca",,optometrist
"Breker J Braun D Drs","306-445-4794","","www.3064454794.yp.ca",,optometrist
"Breker J Braun D Drs","306-445-5057","1301W 101st Street , North Battleford , SK S9A 0Z9","www.3064455057.yp.ca",,optometrist
"Breker J Braun Optometrist","306-445-5057","1301W 101st Street , NORTH BATTLEFORD , SK S9A 0Z9","www.3064455057.yp.ca",,optometrist
"Burnard Dr","306-779-2020","4120 Albert Street , Regina , SK S4S 3R8","www.3067792020.yp.ca",,optometrist
"Burnard Dr","306-779-2021","","www.3067792021.yp.ca",,optometrist
"Burnard L G Dr Optometrist Burnard Moser & Chernoff","306-634-4755","1175 Nicholson Rd , ESTEVAN , SK S4A 2S7","www.3066344755.yp.ca",,optometrist
"Burnard Moser & Chernoff Optometrists","306-634-4755","1175 Nicholson Rd , ESTEVAN , SK S4A 2S7","www.3066344755.yp.ca",,optometrist
"Caines Karen L Dr Optometrist","306-783-4569","289 Bradbrooke Drive , YORKTON , SK S3N 3L3","www.3067834569.yp.ca",,optometrist
"Central Optometric Group","306-764-6311","3-210 15th Street East , Prince Albert , SK S6V 1G2","www.3067646311.yp.ca",,optometrist
"Central Optometric Group Optometrists","306-764-6311","210 15th Street East , PRINCE ALBERT , SK S6V 1G2","www.3067646311.yp.ca",,optometrist
"Chernoff W C Dr Optometrist Chernoff Burnard & Moser","306-634-4755","1175 Nicholson Rd , ESTEVAN , SK S4A 2S7","www.3066344755.yp.ca",,optometrist
"Choice Optical","306-728-3957","","www.3067283957.yp.ca",,optometrist
"Choice Optical","306-728-3937","331 Main St , Melville , SK S0A 2P0","www.3067283937.yp.ca",,optometrist
"Cityview Optometry","306-359-1414","550-2550 15th Avenue , Regina , SK S4P 1A5","www.3063591414.yp.ca",,optometrist
"Courteau G R Dr","306-763-7744","681 15th Street West , Prince Albert , SK S6V 7H9","www.3067637744.yp.ca",,optometrist
"Courteau G R Dr","306-764-0637","","www.3067640637.yp.ca",,optometrist
"Courteau G R Dr Optometrist Prince Albert Medical Ce","306-763-7744","681 15th Street West , PRINCE ALBERT , SK S6V 7H9","www.3067637744.yp.ca",,optometrist
"Degelman Bob Dr","306-752-7212","","www.3067527212.yp.ca",,optometrist
"Degelman Bob Dr","306-752-2464","513 Main St N , Prince Albert , SK ","www.3067522464.yp.ca",,optometrist
"Degelman Bob Dr Optometrist","306-752-2464","513 Main St N , MELFORT , SK S0E 1A0","www.3067522464.yp.ca",,optometrist
"Degelman Tim Dr","306-764-2288","2685 2nd Avenue West , Prince Albert , SK S6V 5E3","www.3067642288.yp.ca",,optometrist
"Degelman Tim Dr Optometrist","306-764-2288","2685 2nd Avenue West , PRINCE ALBERT , SK S6V 5E3","www.3067642288.yp.ca",,optometrist
"Degelman Tyler Dr Optometrist","306-244-7959","424 21st Street East , SASKATOON , SK S7K 0C2","www.3062447959.yp.ca",,optometrist
"Diakow W J Dr","306-425-2008","105-708 La Ronge Ave , La Ronge , SK S0J 1L0","www.3064252008.yp.ca",,optometrist
"Diakow W J Dr Optometrist","306-764-6311","Prince Albert , SK S6V 0A1","www.3067646311.yp.ca",,optometrist
"Diakow W J Dr Optometrist","306-764-6311","210 15th Street East , PRINCE ALBERT , SK S6V 1G2","www.3067646311.yp.ca",,optometrist
"Diakow W J Dr Optometrist","306-425-2008","132 McKay Dr , La Ronge , SK S0J 1L0","www.3064252008.yp.ca",,optometrist
"Doyon J Dr Optometrist","306-693-3832","54 Ominica Street West , MOOSE JAW , SK S6H 1W9","www.3066933832.yp.ca",,optometrist
"Drexler H J Dr","306-664-6616","116A Idylwyld Drive North , Saskatoon , SK S7L 0Y7","www.3066646616.yp.ca",,optometrist
"Drexler H J Dr","306-244-8577","","www.3062448577.yp.ca",,optometrist
"Edwards Lori C Dr Optometrist","306-791-6888","Northgate Mall , REGINA , SK S4N 0A1","www.3067916888.yp.ca",,optometrist
"Edwards Lori C Dr Optometrist","306-791-6899","Victoria Square Mall , REGINA , SK S4N 0A1","www.3067916899.yp.ca",,optometrist
"Elias Alaina Dr","306-682-1593","","www.3066821593.yp.ca",,optometrist
"Elias Alaina Dr","306-682-1590","517 Main St , Humboldt , SK S0K 2A0","www.3066821590.yp.ca",,optometrist
"Elias Alaina Dr Optometrist","306-682-1590","517 Main St , Humboldt , SK S0K 2A0","www.3066821590.yp.ca",,optometrist
"Eyecandy Optiks","306-545-4350","2585 Quance Street East , Regina , SK S4V 2Y7","www.3065454350.yp.ca",,optometrist
"Eyecandy Optiks","306-949-5878","5340 Rochdale Boulevard , Regina , SK S4X 4N1","www.3069495878.yp.ca",,optometrist
"Factory Optical","306-763-7577","","www.3067637577.yp.ca",,optometrist
"Factory Optical","306-763-7575","9-77 15th Street East , Prince Albert , SK S6V 1E9","www.3067637575.yp.ca",,optometrist
"Family Eye Care Center","306-522-4055","3017 Dewdney Avenue , Regina , SK S4T 0Y3","www.3065224055.yp.ca",,optometrist
"Family Focus Eyecare","306-956-2020","1-419 Ludlow Street , Saskatoon , SK S7S 1P3","www.3069562020.yp.ca",,optometrist
"Fitzpatrick Adam Dr Optometrist","306-862-3106","222 Centre St , NIPAWIN , SK S0E 1E0","www.3068623106.yp.ca",,optometrist
"FYI Eye Doctors","","","www.fyidoctors.com",,optometrist
"Gaucher R G Optometrist","306-359-1414","2550 15th Ave , REGINA , SK S4P 1A5","www.3063591414.yp.ca",,optometrist
"Gaucher Ron Dr","306-435-3242","504 Park Ave , Moosomin , SK S0G 3N0","www.3064353242.yp.ca",,optometrist
"Gaucher Ron Dr Optometrist","306-435-3242","502 Park Ave , Moosomin , SK S0G 3N0","www.3064353242.yp.ca",,optometrist
"Gaucher Ron Dr Optometrist","306-359-1414","Regina , SK S4N 0A1","www.3063591414.yp.ca",,optometrist
"Gnyp Colleen Dr Optometrist","306-664-2638","21-105 21st Street East , Saskatoon , SK S7K 0B3","www.3066642638.yp.ca",,optometrist
"Gnyp Colleen Dr Optometrist","306-764-2000","1311 Central Ave , PRINCE ALBERT , SK S6V 4W2","www.3067642000.yp.ca",,optometrist
"Gnyp L W Dr Optometrist","306-763-6560","Prince Albert , SK S6V 0A1","www.3067636560.yp.ca",,optometrist
"Gnyp L W Dr Optometrist","306-764-2000","1311 Central Ave , PRINCE ALBERT , SK S6V 4W2","www.3067642000.yp.ca",,optometrist
"Golden Mile Optical","306-522-7744","","www.3065227744.yp.ca",,optometrist
"Golden Mile Optical","306-584-2210","Golden Mile Centre , Regina , SK ","www.3065842210.yp.ca",,optometrist
"Grunert Sheila P Dr","306-782-4141","Linden Square Shopping Centre , Yorkton , SK ","www.3067824141.yp.ca",,optometrist
"Grunert Sheila P Dr Optometrist","306-782-4141","Linden Square Shopping Centre , YORKTON , SK S3N 0A1","www.3067824141.yp.ca",,optometrist
"Guilbault David C Dr","306-682-2335","316 Main St , Humboldt , SK S0K 2A0","www.3066822335.yp.ca",,optometrist
"Guilbault David C Dr","306-233-5455","301 1 St St N , Wakaw , SK S0K 4P0","www.3062335455.yp.ca",,optometrist
"Guilbault David C Dr","306-338-3044","433 5th St Ne , Wadena , SK S0A 4J0","www.3063383044.yp.ca",,optometrist
"Guilbault David C Dr Optometrist","306-682-2990","Humboldt , SK S0K 2A0","www.3066822990.yp.ca",,optometrist
"Guilbault David C Dr Optometrist","306-682-2335","316 Main St , Humboldt , SK S0K 2A0","www.3066822335.yp.ca",,optometrist
"Hannah Garth Dr Optometrist Insight Vision Care","306-525-0587","2002 Victoria Ave , REGINA , SK S4P 0R7","www.3065250587.yp.ca",,optometrist
"Hannah G Thatcher D W & Kimery Michelle Drs","306-334-2680","110 Elgin St , Balcarres , SK S0G 0C0","www.3063342680.yp.ca",,optometrist
"Haugen Carolyn Dr Optometrist","306-764-6311","210 15th Street East , PRINCE ALBERT , SK S6V 1G2","www.3067646311.yp.ca",,optometrist
"Hayes Cydney Susan Dr Optometrist","306-244-6223","Saskatoon , SK S7H 0A1","www.3062446223.yp.ca",,optometrist
"Hayes Cydney Susan Dr Optometrist","306-664-3663","806 Spadina Crescent East , SASKATOON , SK S7K 3H4","www.3066643663.yp.ca",,optometrist
"Huber Jack F Dr Optometrist Insight Vision Care","306-525-0587","2002 Victoria Ave , REGINA , SK S4P 0R7","www.3065250587.yp.ca",,optometrist
"Hunter D B Dr Optometrist","306-359-1414","2550 15th Ave , REGINA , SK S4P 1A5","www.3063591414.yp.ca",,optometrist
"Hutton Claude W Dr Optometrist","306-244-6223","Saskatoon , SK S7H 0A1","www.3062446223.yp.ca",,optometrist
"Hutton Claude W Dr Optometrist","306-664-3663","806 Spadina Crescent East , SASKATOON , SK S7K 3H4","www.3066643663.yp.ca",,optometrist
"Insight Vision Care","306-525-0587","1700-2002 Victoria Avenue , Regina , SK S4P 0R7","www.3065250587.yp.ca",,optometrist
"Invision Eye Care Centre Optometrists","306-373-2234","3110 8th Street East , SASKATOON , SK S7H 0W2","www.3063732234.yp.ca",,optometrist
"Iris Optometrists - Opticians","","","www.iris.ca",,optometrist
"J L Optical Services","306-634-5855","140-1175 Nicholson Road , Estevan , SK S4A 2S7","www.3066345855.yp.ca",,optometrist
"John J D Dr Optometrist","306-693-8584","52 High Street West , Moose Jaw , SK S6H 1S3","www.3066938584.yp.ca",,optometrist
"Kelly H K Dr Optometrist","306-791-6888","Regina , SK S4N 0A1","www.3067916888.yp.ca",,optometrist
"Kelly H K Dr Optometrist","306-554-2992","220 Bosworth St , WYNYARD , SK S0A 4T0","www.3065542992.yp.ca",,optometrist
"Kelly H Kerby Dr Optometrist","306-791-6888","Northgate Mall , REGINA , SK S4N 0A1","www.3067916888.yp.ca",,optometrist
"Kelly H Kerby Dr Optometrist","306-791-6899","Victoria Square Mall , REGINA , SK S4N 0A1","www.3067916899.yp.ca",,optometrist
"Kendall Tim Dr","306-882-3015","214 Main St , Rosetown , SK S0L 2V0","www.3068823015.yp.ca",,optometrist
"Kerr D James Dr Optometrist","306-652-4374","407 1st Avenue North , SASKATOON , SK S7K 1X5","www.3066524374.yp.ca",,optometrist
"Kerr D James Dr Optometrist","306-652-7875","Saskatoon , SK S7H 0A1","www.3066527875.yp.ca",,optometrist
"Kerr D James Dr Optometrist","306-683-4376","Saskatoon , SK S7H 0A1","www.3066834376.yp.ca",,optometrist
"Kerr D James Dr Optometrist","306-683-4374","3120A Laurier Drive , SASKATOON , SK S7L 5J7","www.3066834374.yp.ca",,optometrist
"Kimery Michelle Dr Optometrist Insight Vision Care","306-525-0587","2002 Victoria Ave , REGINA , SK S4P 0R7","www.3065250587.yp.ca",,optometrist
"Knezacek Nathan M Dr Optometrist","306-522-4055","3017 Dewdney Avenue , REGINA , SK S4T 0Y3","www.3065224055.yp.ca",,optometrist
"Koltun Len J Dr Optometrist","306-791-6888","Northgate Mall , REGINA , SK S4N 0A1","www.3067916888.yp.ca",,optometrist
"Koltun Len J Dr Optometrist","306-791-6899","Victoria Square Mall , REGINA , SK S4N 0A1","www.3067916899.yp.ca",,optometrist
"Krueger James A Dr","306-948-3634","223 Main St , Biggar , SK S0K 0M0","www.3069483634.yp.ca",,optometrist
"Krueger James A Dr","306-232-5483","716 Railway Ave , Rosthern , SK S0K 3R0","www.3062325483.yp.ca",,optometrist
"Krueger James A Dr Optometrist","306-948-3634","223 Main St , Biggar , SK S0K 0M0","www.3069483634.yp.ca",,optometrist
"Krueger James A Dr Optometrist","306-232-5483","716 Railway Ave , ROSTHERN , SK S0K 3R0","www.3062325483.yp.ca",,optometrist
"Krueger James A Kendall Tim Wilson Robert G Drs","306-244-7464","100-128 4th Avenue South , Saskatoon , SK S7K 1M8","www.3062447464.yp.ca",,optometrist
"Labbie R L Dr Optometrist","306-842-4664","134 Railway Avenue , WEYBURN , SK S4H 0A2","www.3068424664.yp.ca",,optometrist
"La Ronge Eye Clinic/A Divisionof FYI Eye Doctors","306-425-5540","712 La Ronge Ave , La Ronge , SK S0J 1L0","www.3064255540.yp.ca",,optometrist
"LASIK MD","1-866-366-2020","","www.lasikmd.com",,optometrist
"LASIK MD","1-866-366-2020","","www.lasikmd.com",,optometrist
"Lawrence J Dr","306-445-7022","","www.3064457022.yp.ca",,optometrist
"Lawrence J Dr","306-445-4451","1471 100th Street , North Battleford , SK S9A 0W1","www.3064454451.yp.ca",,optometrist
"Lawrence J Dr Optometrist","306-445-4451","1471 100th Street , NORTH BATTLEFORD , SK S9A 0W1","www.3064454451.yp.ca",,optometrist
"Laycock A M Dr","306-764-6001","202-118 12th Street East , Prince Albert , SK S6V 1B6","www.3067646001.yp.ca",,optometrist
"Laycock A M Dr Optometrist","306-883-2404","301 Main St , Spiritwood , SK S0J 2M0","www.3068832404.yp.ca",,optometrist
"Laycock A M Dr Optometrist","306-764-6001","118 12th Street East , PRINCE ALBERT , SK S6V 1B6","www.3067646001.yp.ca",,optometrist
"Laycock A M Dr Optometrist","306-466-2164","15 Main St , Leask , SK S0J 1M0","www.3064662164.yp.ca",,optometrist
"Lukenchuk Darcy J Dr Optometrist","306-242-7170","1102 Cn Towers , SASKATOON , SK S7K 1J5","www.3062427170.yp.ca",,optometrist
"Macarthur Sheryl Dr Optometrist","306-373-8825","Grosvenor Park Shopping Centre , SASKATOON , SK S7H 0A1","www.3063738825.yp.ca",,optometrist
"Maccorquodale Rhod C Dr Optometrist Insight Vision C","306-525-0587","2002 Victoria Ave , REGINA , SK S4P 0R7","www.3065250587.yp.ca",,optometrist
"Macdonald Erin Dr Optometrist","306-764-2288","2685 2nd Avenue West , PRINCE ALBERT , SK S6V 5E3","www.3067642288.yp.ca",,optometrist
"Mackay Robert Dr Optometrist","306-586-7036","4010 Pasqua St , REGINA , SK S4S 7B9","www.3065867036.yp.ca",,optometrist
"Malec S P Dr Optometrist","306-764-6311","Prince Albert , SK S6V 0A1","www.3067646311.yp.ca",,optometrist
"Malec S P Dr Optometrist","306-425-2008","132 McKay Dr , La Ronge , SK S0J 1L0","www.3064252008.yp.ca",,optometrist
"Malec Stephen P Dr Optometrist Central Optometric Gr","306-764-6311","210 15th Street East , PRINCE ALBERT , SK S6V 1G2","www.3067646311.yp.ca",,optometrist
"Matz Carla Dr","306-373-7411","","www.3063737411.yp.ca",,optometrist
"Matz Carla Dr","306-373-8825","Grosvenor Park Shopping Centre , Saskatoon , SK ","www.3063738825.yp.ca",,optometrist
"Matz Carla Dr Optometrist","306-373-8825","Grosvenor Park Shopping Centre , SASKATOON , SK S7H 0A1","www.3063738825.yp.ca",,optometrist
"McDonald D B Dr","306-825-2710","2-2801 50 Avenue , Lloydminster , SK S9V 2A8","www.3068252710.yp.ca",,optometrist
"Mcmorris M Dr Optometrist","306-693-8584","2-52 High Street West , MOOSE JAW , SK S6H 1S3","www.3066938584.yp.ca",,optometrist
"Meadow Lake Vision Clinic","306-236-4969","404 1st Street West , Meadow Lake , SK S9X 1E5","www.3062364969.yp.ca",,optometrist
"Miller Trent Dr Optometrist","306-764-2288","2685 2nd Avenue West , PRINCE ALBERT , SK S6V 5E3","www.3067642288.yp.ca",,optometrist
"Miller Trent Dr Optometrist","306-425-5540","712 La Ronge Ave , LA RONGE , SK S0J 1L0","www.3064255540.yp.ca",,optometrist
"Monea D M Dr","306-775-0406","","www.3067750406.yp.ca",,optometrist
"Monea D M Dr","306-924-0544","1111 Lakewood Court N , Regina , SK ","www.3069240544.yp.ca",,optometrist
"Monea D M Dr Optometrist","306-924-0544","1111 Lakewood Court , REGINA , SK S4X 3S3","www.3069240544.yp.ca",,optometrist
"Morrison Optical","306-665-0141","","www.3066650141.yp.ca",,optometrist
"Morrison Optical","306-665-8858","614 Duchess Street , Saskatoon , SK S7K 0R1","www.3066658858.yp.ca",,optometrist
"Moser & Chernoff","306-634-4755","140-1175 Nicholson Road , Estevan , SK S4A 2S7","www.3066344755.yp.ca",,optometrist
"Moser R H Dr Optometrist Moser Burnard & Chernoff","306-634-4755","1175 Nicholson Rd , ESTEVAN , SK S4A 2S7","www.3066344755.yp.ca",,optometrist
"Murdoch Greg Dr Optometrist","306-955-2288","3301 8th St E , SASKATOON , SK S7H 5K5","www.3069552288.yp.ca",,optometrist
"Naylor Kent Dr Optometrist","306-955-2288","3301 8th St E , SASKATOON , SK S7H 5K5","www.3069552288.yp.ca",,optometrist
"Naylor & Murdoch","306-955-2288","103-3301 8th Street East , Saskatoon , SK S7H 5K5","www.3069552288.yp.ca",,optometrist
"Naylor & Murdoch","306-955-2303","","www.3069552303.yp.ca",,optometrist
"Neumann R Dr","306-554-2992","220 Bosworth St , Wynyard , SK S0A 4T0","www.3065542992.yp.ca",,optometrist
"Neumann R Dr Optometrist","306-554-2992","220 Bosworth St , WYNYARD , SK S0A 4T0","www.3065542992.yp.ca",,optometrist
"Neumann Robert M Dr Optometrist","306-791-6888","Northgate Mall , REGINA , SK S4N 0A1","www.3067916888.yp.ca",,optometrist
"Neumann Robert M Dr Optometrist","306-791-6899","Victoria Square Mall , REGINA , SK S4N 0A1","www.3067916899.yp.ca",,optometrist
"Neumann Roderick P Dr Optometrist","306-791-6888","Northgate Mall , REGINA , SK S4N 0A1","www.3067916888.yp.ca",,optometrist
"Nobert Blanche Dr Optometrist","306-543-7880","1106 Winnipeg Street , REGINA , SK S4R 1J6","www.3065437880.yp.ca",,optometrist
"Northwest Optical","306-445-7038","1245 100th Street , North Battleford , SK S9A 0V6","www.3064457038.yp.ca",,optometrist
"Optometrists Clinic Inc","1-800-661-9976","","www.8006619976.yp.ca",,optometrist
"Orr Beverly Dr Optometrist Invision Eye Care Centre","306-373-2234","3110 8th Street East , SASKATOON , SK S7H 0W2","www.3063732234.yp.ca",,optometrist
"Oyen Optometry Clinic","1-866-664-3300","","www.8666643300.yp.ca",,optometrist
"Panchuk O E Dr","306-665-6566","204-129 3rd Avenue North , Saskatoon , SK S7K 2H4","www.3066656566.yp.ca",,optometrist
"Panchuk O E Dr Optometrist","306-665-6566","129 3rd Avenue North , SASKATOON , SK S7K 2H4","www.3066656566.yp.ca",,optometrist
"Paramount Optical","306-664-6144","136 2nd Avenue South , Saskatoon , SK S7K 1K5","www.3066646144.yp.ca",,optometrist
"Patterson (Drader) Barbara L Dr Optometrist","306-683-4374","3120A Laurier Drive , SASKATOON , SK S7L 5J7","www.3066834374.yp.ca",,optometrist
"Patterson (Drader) Barbara L Dr Optometrist","306-683-4376","Saskatoon , SK S7H 0A1","www.3066834376.yp.ca",,optometrist
"Patterson (Drader) Barbara L Dr Optometrist Atrium O","306-652-4374","407 1st Avenue North , SASKATOON , SK S7K 1X5","www.3066524374.yp.ca",,optometrist
"Pinehouse Eyecare","306-242-4186","129B Pinehouse Drive , Saskatoon , SK S7K 5W1","www.3062424186.yp.ca",,optometrist
"Point Optical","306-664-4636","Scotia Centre , Saskatoon , SK ","www.3066644636.yp.ca",,optometrist
"Pontikes G M Dr Optometrist","306-359-1414","2550 15th Ave , REGINA , SK S4P 1A5","www.3063591414.yp.ca",,optometrist
"Pontikes G M & Turnbull D J Drs Optometrists","306-453-2373","Hwy 13 , Carlyle , SK S0C 0R0","www.3064532373.yp.ca",,optometrist
"Pontikes G M & Turnbull D J Drs Optometrists","306-359-1414","2550 15th Ave , REGINA , SK S4P 1A5","www.3063591414.yp.ca",,optometrist
"Popick W E Dr Optometrist","306-783-4569","289 Bradbrooke Drive , YORKTON , SK S3N 3L3","www.3067834569.yp.ca",,optometrist
"Primary Eye Care Centre","306-693-8584","205-52 High Street West , Moose Jaw , SK S6H 1S3","www.3066938584.yp.ca",,optometrist
"Qu'Appelle Valley Optometry","306-332-6933","136 Boundry Ave S , Fort Qu'Appelle , SK S0G 1S0","www.3063326933.yp.ca",,optometrist
"Rae Trent Dr Optometrist","306-752-2464","513 Main St N , MELFORT , SK S0E 1A0","www.3067522464.yp.ca",,optometrist
"Rae Trent Dr Optometrist","306-764-2288","2685 2nd Avenue West , PRINCE ALBERT , SK S6V 5E3","www.3067642288.yp.ca",,optometrist
"Regina Eye Centre/A Div Of FYI Eye Doctors","306-791-6899","Victoria Square Mall , Regina , SK ","www.3067916899.yp.ca",,optometrist
"River Valley Eye Care Optometrist","306-445-4451","1471 100th Street , NORTH BATTLEFORD , SK S9A 0W1","www.3064454451.yp.ca",,optometrist
"Robertson Bryan Dr","306-586-3937","4401 Albert Street , Regina , SK S4S 6B6","www.3065863937.yp.ca",,optometrist
"Robertson Russ Dr Optometrist","306-585-3937","5918 Rochdale Boulevard , REGINA , SK S4X 4J7","www.3065853937.yp.ca",,optometrist
"Robertson Russ Dr Optometrist","306-525-0587","2002 Victoria Ave , REGINA , SK S4P 0R7","www.3065250587.yp.ca",,optometrist
"Robinson B Dr Optometrist","306-242-7170","1102 Cn Towers , SASKATOON , SK S7K 1J5","www.3062427170.yp.ca",,optometrist
"Robinson Lori Dr Optometrist","306-373-2234","103110 8th St E , SASKATOON , SK S7H 0W2","www.3063732234.yp.ca",,optometrist
"Roettger Jennelle Dr Optometrist","306-586-7036","4010 Pasqua St , REGINA , SK S4S 7B9","www.3065867036.yp.ca",,optometrist
"Roettger Jennelle Dr Optometrist","306-791-6888","Northgate Mall , REGINA , SK S4N 0A1","www.3067916888.yp.ca",,optometrist
"Roettger Jennelle Dr Optometrist","306-791-6899","Victoria Square Mall , REGINA , SK S4N 0A1","www.3067916899.yp.ca",,optometrist
"Rogoza Dr R G Optometrist","306-783-3373","11 2nd Ave N , Yorkton , SK S3N 0A1","www.3067833373.yp.ca",,optometrist
"Rogoza Drs Ron & Bree","306-783-3373","11 Second Avenue North , Yorkton , SK S3N 1G1","www.3067833373.yp.ca",,optometrist
"Rogoza Drs Ron & Bree","306-728-4886","","www.3067284886.yp.ca",,optometrist
"Rogoza Drs Ron & Bree","306-728-4884","175 3 Ave E , Melville , SK S0A 2P0","www.3067284884.yp.ca",,optometrist
"Rogoza Drs Ron & Bree","1-877-439-3373","","www.8774393373.yp.ca",,optometrist
"Rogoza R G Dr Optometrists","306-728-4884","175 3rd Ave E , MELVILLE , SK S0A 2P0","www.3067284884.yp.ca",,optometrist
"Ross James Dr","306-735-4141","710 South Railway St , Whitewood , SK S0G 5C0","www.3067354141.yp.ca",,optometrist
"Ross J H Dr Optometrist","306-359-1414","2550 15th Ave , REGINA , SK S4P 1A5","www.3063591414.yp.ca",,optometrist
"Ross J R Dr Optometrist","306-435-3242","Moosomin , SK S0G 3N0","www.3064353242.yp.ca",,optometrist
"Ross J R Dr Optometrist","306-359-1414","Regina , SK S4N 0A1","www.3063591414.yp.ca",,optometrist
"Ross J R Dr Optometrist","306-735-4141","710 South Railway St , WHITEWOOD , SK S0G 5C0","www.3067354141.yp.ca",,optometrist
"Salisbury Degelman Vision Centre Optometrists","306-244-1115","Saskatoon , SK S7H 0A1","www.3062441115.yp.ca",,optometrist
"Salisbury Degelman Vision Centre Optometrists","306-244-7959","424 21st Street East , SASKATOON , SK S7K 0C2","www.3062447959.yp.ca",,optometrist
"Salisbury Paul Dr Optometrist","306-244-7959","424 21st Street East , SASKATOON , SK S7K 0C2","www.3062447959.yp.ca",,optometrist
"Saskatchewan Association Of Optometrists","306-652-2069","108-2366 Ave C N , Saskatoon , SK ","www.3066522069.yp.ca",,optometrist
"Saskatchewan Association Of Optometrists","306-652-2069","2366 Avenue C N , SASKATOON , SK S7L 5X5","www.3066522069.yp.ca",,optometrist
"Saskatoon Optical Services","306-975-9430","A1005A1005 Broadway Ave , Saskatoon , SK ","www.3069759430.yp.ca",,optometrist
"Schamber Darren Dr","306-955-3811","1112A Morgan Avenue , Saskatoon , SK S7H 2R7","www.3069553811.yp.ca",,optometrist
"Schebywolok C H Dr","306-783-2020","9 Third Avenue North , Yorkton , SK S3N 1C1","www.3067832020.yp.ca",,optometrist
"Schebywolok C H Dr Optometrist","306-783-2020","9 3rd Ave N , Yorkton , SK S3N 0A1","www.3067832020.yp.ca",,optometrist
"Schultz R Dr Optometrist","306-946-2166","108 Main St , Watrous , SK S0K 4T0","www.3069462166.yp.ca",,optometrist
"Schultz R Dr Optometrist","306-693-3832","54 Ominica Street West , MOOSE JAW , SK S6H 1W9","www.3066933832.yp.ca",,optometrist
"Schweiger Barbara A Dr Optometrist","306-522-4055","3017 Dewdney Avenue , REGINA , SK S4T 0Y3","www.3065224055.yp.ca",,optometrist
"Schweiger B Dr Optometrist","306-693-3832","54 Ominica Street West , MOOSE JAW , SK S6H 1W9","www.3066933832.yp.ca",,optometrist
"Sheasby G A Dr Optometrist","306-783-4569","289 Bradbrooke Drive , YORKTON , SK S3N 3L3","www.3067834569.yp.ca",,optometrist
"Sheasby Popick Caines Wilkinson Drs","306-783-4569","289 Bradbrooke Drive , Yorkton , SK S3N 3L3","www.3067834569.yp.ca",,optometrist
"Skorski John Dr","306-931-3937","308-3907 8th Street East , Saskatoon , SK S7H 5M7","www.3069313937.yp.ca",,optometrist
"Skorski John Dr Optometrist","306-244-6223","Saskatoon , SK S7H 0A1","www.3062446223.yp.ca",,optometrist
"Skorski John Dr Optometrist","306-931-3937","3907 8th Street East , SASKATOON , SK S7H 5M7","www.3069313937.yp.ca",,optometrist
"Skorski John Dr Optometrist","306-664-3663","806 Spadina Crescent East , SASKATOON , SK S7K 3H4","www.3066643663.yp.ca",,optometrist
"Slaght R P Dr","306-463-8200","","www.3064638200.yp.ca",,optometrist
"Slaght R P Dr","306-834-2099","433 Manitoba Ave , Kerrobert , SK S0L 1R0","www.3068342099.yp.ca",,optometrist
"Slaght R P Dr","306-463-2822","210 Main , Kindersley , SK S0L 1S0","www.3064632822.yp.ca",,optometrist
"South Saskatchewan Optometric Associates Ltd","306-359-1416","550-2550 15th Avenue , Regina , SK S4P 1A5","www.3063591416.yp.ca",,optometrist
"Squamish Optometry Clinic","1-888-393-4897","","www.8883934897.yp.ca",,optometrist
"Squamish Optometry Clinic","1-888-393-4897","","www.8883934897.yp.ca",,optometrist
"Stadnyk Irwin Dr","306-242-8656","301-105 21st Street East , Saskatoon , SK S7K 0B3","www.3062428656.yp.ca",,optometrist
"Stadnyk Irwin Dr Optometrist","306-242-8656","21-105 21st Street East , Saskatoon , SK S7K 0B3","www.3062428656.yp.ca",,optometrist
"Stonebridge Eye Care","306-664-2638","1-303 Stonebridge Boulevard , Saskatoon , SK S7T 0G3","www.3066642638.yp.ca",,optometrist
"Stonebridge Eye Care","306-653-5822","","www.3066535822.yp.ca",,optometrist
"Strelioff Chris Dr","306-242-9226","Midtown Plaza , Saskatoon , SK S7K 1K1","www.3062429226.yp.ca",,optometrist
"Strelioff Chris Dr Optometrist","306-242-9226","Midtown Plaza , SASKATOON , SK S7H 0A1","www.3062429226.yp.ca",,optometrist
"Syverson C Dr Optometrist","306-693-8584","2-52 High Street West , MOOSE JAW , SK S6H 1S3","www.3066938584.yp.ca",,optometrist
"Tataryn A W Dr","306-563-5540","135 1st Ave W , Canora , SK S0A 0L0","www.3065635540.yp.ca",,optometrist
"Tataryn A W Dr","306-542-3678","432 2nd St , Kamsack , SK S0A 1S0","www.3065423678.yp.ca",,optometrist
"Tataryn A W Dr Optometrist","306-542-3678","432 2nd St , Kamsack , SK S0A 1S0","www.3065423678.yp.ca",,optometrist
"Tataryn A W Dr Optometrist","306-563-5540","135 1st Ave W , CANORA , SK S0A 0L0","www.3065635540.yp.ca",,optometrist
"Tataryn A W Dr Optometrist","306-338-2441","90 1st St NE , Wadena , SK S0A 4J0","www.3063382441.yp.ca",,optometrist
"Thatcher D William Dr Optometrist Insight Vision Car","306-585-3937","5918 Rochdale Boulevard , REGINA , SK S4X 4J7","www.3065853937.yp.ca",,optometrist
"Thatcher D William Dr Optometrist Insight Vision Car","306-525-0587","2002 Victoria Ave , REGINA , SK S4P 0R7","www.3065250587.yp.ca",,optometrist
"Thienes B L Dr","306-662-2733","134 Jasper St , Maple Creek , SK S0N 1N0","www.3066622733.yp.ca",,optometrist
"Thienes B L Dr","306-662-2713","","www.3066622713.yp.ca",,optometrist
"Thienes B L Dr Optometrist","306-662-2733","134 Jasper St , MAPLE CREEK , SK S0N 1N0","www.3066622733.yp.ca",,optometrist
"Thienes B L Dr Optometrist","306-297-2656","492 Centre , Shaunavon , SK S0N 2M0","www.3062972656.yp.ca",,optometrist
"Thomas B L Dr","306-236-4969","404 1st Street West , Meadow Lake , SK S9X 1E5","www.3062364969.yp.ca",,optometrist
"Thomas B L Dr","306-228-2722","264 2nd Ave W , Unity , SK S0K 4L0","www.3062282722.yp.ca",,optometrist
"Thomas B L Dr","306-236-4750","","www.3062364750.yp.ca",,optometrist
"Thomas B L Dr","306-228-4454","","www.3062284454.yp.ca",,optometrist
"Thomas B L Dr Optometrist","306-228-2722","264 2nd Ave W , UNITY , SK S0K 4L0","www.3062282722.yp.ca",,optometrist
"Thomas B L Dr Optometrist","306-236-4969","404 1st Street West , Meadow Lake , SK S9X 1E5","www.3062364969.yp.ca",,optometrist
"Thomas B L Dr Optometrist","306-843-2575","307 2nd Ave W , WILKIE , SK S0K 4W0","www.3068432575.yp.ca",,optometrist
"Thomas B L Dr Optometrist","306-753-2373","4805 Herald St , MACKLIN , SK S0L 2C0","www.3067532373.yp.ca",,optometrist
"Tokaruk Candace Dr Optometrist","306-924-0544","1111 Lakewood Court , REGINA , SK S4X 3S3","www.3069240544.yp.ca",,optometrist
"Total Focus Family Optometry Centres","1-800-387-4948","","www.8003874948.yp.ca",,optometrist
"Turnbull D J Dr Optometrist","306-359-1414","2550 15th Ave , REGINA , SK S4P 1A5","www.3063591414.yp.ca",,optometrist
"Turnbull D J & Pontikes G M Drs","306-453-2373","202 Main St , Carlyle , SK S0C 0R0","www.3064532373.yp.ca",,optometrist
"Turriff R Dr","306-642-4632","520 Centre , Assiniboia , SK S0H 0B0","www.3066424632.yp.ca",,optometrist
"Turriff R Dr","306-642-4685","","www.3066424685.yp.ca",,optometrist
"Turriff R Dr Optometrist","306-642-4632","520 Centre , Assiniboia , SK S0H 0B0","www.3066424632.yp.ca",,optometrist
"Vertefeuille Susan L Dr","306-789-2550","1911 Truesdale Drive East , Regina , SK S4V 2N1","www.3067892550.yp.ca",,optometrist
"Vertefeuille Susan L Dr","306-789-2977","","www.3067892977.yp.ca",,optometrist
"Vision Centre","306-584-3937","4401 Albert Street , Regina , SK S4S 6B6","www.3065843937.yp.ca",,optometrist
"Vision Centre","306-779-3937","","www.3067793937.yp.ca",,optometrist
"Vision Makers Optical","306-975-1625","The Mall At Lawson Heights , Saskatoon , SK ","www.3069751625.yp.ca",,optometrist
"Vision North Eye Care","306-236-1419","518 1 St Ave W , Meadow Lake , SK ","www.3062361419.yp.ca",,optometrist
"Vision North Eye Care","306-236-1736","","www.3062361736.yp.ca",,optometrist
"Vogue Optical","306-978-2020","109 2nd Avenue North , Saskatoon , SK S7K 2A9","www.3069782020.yp.ca",,optometrist
"Walters Aaron Dr Optometrist","306-242-4186","129B Pinehouse Drive , SASKATOON , SK S7K 5W1","www.3062424186.yp.ca",,optometrist
"Watrous Eye Care Centre","306-946-2166","108 Main St , Watrous , SK S0K 4T0","www.3069462166.yp.ca",,optometrist
"Weyburn Eye Care Associates","306-842-7067","","www.3068427067.yp.ca",,optometrist
"Weyburn Eye Care Associates","306-842-4664","134 Railway Avenue , Weyburn , SK S4H 0A2","www.3068424664.yp.ca",,optometrist
"Woodard Kevin M Dr Optometrist","306-791-6888","Northgate Mall , REGINA , SK S4N 0A1","www.3067916888.yp.ca",,optometrist
"Woodard Kevin M Dr Optometrist","306-791-6899","Victoria Square Mall , REGINA , SK S4N 0A1","www.3067916899.yp.ca",,optometrist
"Zaleschuk W P Dr Optometrist","306-664-2638","21-105 21st Street East , Saskatoon , SK S7K 0B3","www.3066642638.yp.ca",,optometrist
